case_id,module,kind,class_name,distance_m,confidence,distance_bin,confidence_bin
case_00000,detection,false_negative,pedestrian,28.78453368794934,,"[20,40)",N/A (FN)
case_00001,detection,false_negative,traffic_cone,11.127737845781182,,"[10,20)",N/A (FN)
case_00002,detection,false_negative,barrier,10.623940240945133,,"[10,20)",N/A (FN)
case_00003,detection,false_positive,car,43.3632809070313,0.395077109336853,"[40,+inf)","[0.25,0.40)"
case_00004,detection,false_positive,car,43.27022457452331,0.2821389138698578,"[40,+inf)","[0.25,0.40)"
case_00005,detection,false_positive,truck,39.24737474369383,0.263793021440506,"[20,40)","[0.25,0.40)"
case_00006,detection,false_positive,bus,48.24243891114105,0.46389511227607727,"[40,+inf)","[0.40,0.60)"
case_00007,detection,false_positive,barrier,18.97468888119436,0.28006425499916077,"[10,20)","[0.25,0.40)"
case_00008,detection,false_positive,barrier,15.394432757745145,0.2530022859573364,"[10,20)","[0.25,0.40)"
case_00009,detection,false_positive,motorcycle,35.380560250898256,0.5281642079353333,"[20,40)","[0.40,0.60)"
case_00010,detection,false_positive,bicycle,16.118129951130157,0.37246039509773254,"[10,20)","[0.25,0.40)"
case_00011,detection,false_positive,bicycle,14.973633499731298,0.32083427906036377,"[10,20)","[0.25,0.40)"
case_00012,detection,false_positive,bicycle,24.694945446668374,0.30224892497062683,"[20,40)","[0.25,0.40)"
case_00013,detection,false_positive,bicycle,21.986216784248494,0.2616508901119232,"[20,40)","[0.25,0.40)"
case_00014,detection,false_positive,motorcycle,29.062762985145234,0.2595146894454956,"[20,40)","[0.25,0.40)"
case_00015,detection,false_positive,motorcycle,39.40334371613273,0.2541387975215912,"[20,40)","[0.25,0.40)"
case_00016,detection,false_positive,pedestrian,14.008569426977319,0.5026026964187622,"[10,20)","[0.40,0.60)"
case_00017,detection,false_positive,traffic_cone,13.0060683136133,0.35355690121650696,"[10,20)","[0.25,0.40)"
case_00018,detection,false_positive,pedestrian,21.082208955509596,0.3230913579463959,"[20,40)","[0.25,0.40)"
case_00019,detection,false_positive,traffic_cone,15.296942839650432,0.3130772113800049,"[10,20)","[0.25,0.40)"
case_00020,detection,false_positive,traffic_cone,15.852102364911232,0.2934685945510864,"[10,20)","[0.25,0.40)"
case_00021,detection,false_positive,pedestrian,19.65400307399217,0.27256831526756287,"[10,20)","[0.25,0.40)"
case_00022,detection,false_positive,pedestrian,19.22112915368,0.2607736885547638,"[10,20)","[0.25,0.40)"
case_00023,detection,false_positive,pedestrian,12.219143181437342,0.25443893671035767,"[10,20)","[0.25,0.40)"
case_00024,detection,false_positive,pedestrian,36.105646153232094,0.2518138587474823,"[20,40)","[0.25,0.40)"
case_00025,detection,false_negative,pedestrian,10.518625457610336,,"[10,20)",N/A (FN)
case_00026,detection,false_negative,barrier,14.408541491086016,,"[10,20)",N/A (FN)
case_00027,detection,false_positive,car,32.45720637844231,0.6921283006668091,"[20,40)","[0.60,0.80)"
case_00028,detection,false_positive,car,41.9766162779183,0.28593552112579346,"[40,+inf)","[0.25,0.40)"
case_00029,detection,false_positive,car,46.712335856138594,0.26914864778518677,"[40,+inf)","[0.25,0.40)"
case_00030,detection,false_positive,truck,25.84586663589334,0.2786741554737091,"[20,40)","[0.25,0.40)"
case_00031,detection,false_positive,construction_vehicle,41.86463717405672,0.2768022119998932,"[40,+inf)","[0.25,0.40)"
case_00032,detection,false_positive,barrier,17.214195028067348,0.4858291447162628,"[10,20)","[0.40,0.60)"
case_00033,detection,false_positive,barrier,15.825673405219996,0.45999929308891296,"[10,20)","[0.40,0.60)"
case_00034,detection,false_positive,motorcycle,26.720924920463602,0.8686085343360901,"[20,40)","[0.80,1.00]"
case_00035,detection,false_positive,bicycle,19.616320672749854,0.5868667960166931,"[10,20)","[0.40,0.60)"
case_00036,detection,false_positive,motorcycle,36.46160260256151,0.46287205815315247,"[20,40)","[0.40,0.60)"
case_00037,detection,false_positive,motorcycle,16.788062223949492,0.2627062499523163,"[10,20)","[0.25,0.40)"
case_00038,detection,false_positive,bicycle,14.778534237473556,0.2554146945476532,"[10,20)","[0.25,0.40)"
case_00039,detection,false_positive,traffic_cone,20.05923938831273,0.6574588418006897,"[20,40)","[0.60,0.80)"
case_00040,detection,false_positive,pedestrian,18.026009363723897,0.5112572312355042,"[10,20)","[0.40,0.60)"
case_00041,detection,false_positive,pedestrian,18.38432925206868,0.45390400290489197,"[10,20)","[0.40,0.60)"
case_00042,detection,false_positive,pedestrian,35.353522028718075,0.3009837865829468,"[20,40)","[0.25,0.40)"
case_00043,detection,false_positive,traffic_cone,20.322622969295217,0.26358672976493835,"[20,40)","[0.25,0.40)"
case_00044,detection,false_positive,pedestrian,18.266698435897922,0.2524900436401367,"[10,20)","[0.25,0.40)"
case_00045,detection,center_error_over_1m,barrier,19.86701015926495,0.6167236566543579,"[10,20)","[0.60,0.80)"
case_00046,detection,center_error_over_1m,barrier,21.7920481030609,0.6063529253005981,"[20,40)","[0.60,0.80)"
case_00047,detection,false_negative,barrier,18.82394193308083,,"[10,20)",N/A (FN)
case_00048,detection,false_positive,truck,28.788776372226216,0.27421531081199646,"[20,40)","[0.25,0.40)"
case_00049,detection,false_positive,barrier,9.959381712390464,0.6733272075653076,"[0,10)","[0.60,0.80)"
case_00050,detection,false_positive,barrier,16.02158497381215,0.5700244903564453,"[10,20)","[0.40,0.60)"
case_00051,detection,false_positive,barrier,28.385457637646077,0.5094184875488281,"[20,40)","[0.40,0.60)"
case_00052,detection,false_positive,barrier,28.938521073030074,0.4551602005958557,"[20,40)","[0.40,0.60)"
case_00053,detection,false_positive,barrier,25.328751274565768,0.43409788608551025,"[20,40)","[0.40,0.60)"
case_00054,detection,false_positive,barrier,24.17472466038256,0.35602280497550964,"[20,40)","[0.25,0.40)"
case_00055,detection,false_positive,barrier,28.9640435637625,0.31838667392730713,"[20,40)","[0.25,0.40)"
case_00056,detection,false_positive,barrier,29.95017050412792,0.3075558841228485,"[20,40)","[0.25,0.40)"
case_00057,detection,false_positive,barrier,22.522524686374677,0.2752690017223358,"[20,40)","[0.25,0.40)"
case_00058,detection,false_positive,motorcycle,31.630308930227933,0.7820960879325867,"[20,40)","[0.60,0.80)"
case_00059,detection,false_positive,bicycle,24.096611164941617,0.38396304845809937,"[20,40)","[0.25,0.40)"
case_00060,detection,false_positive,bicycle,21.36290314359129,0.3088131546974182,"[20,40)","[0.25,0.40)"
case_00061,detection,false_positive,bicycle,22.66778183052732,0.2666219174861908,"[20,40)","[0.25,0.40)"
case_00062,detection,false_positive,pedestrian,35.438852195650256,0.5459856986999512,"[20,40)","[0.40,0.60)"
case_00063,detection,false_positive,pedestrian,39.71758408815981,0.341005802154541,"[20,40)","[0.25,0.40)"
case_00064,detection,false_positive,pedestrian,36.48955616277376,0.33590877056121826,"[20,40)","[0.25,0.40)"
case_00065,detection,false_positive,pedestrian,38.69235936820231,0.2966983914375305,"[20,40)","[0.25,0.40)"
case_00066,detection,false_positive,pedestrian,37.62002628351125,0.291489839553833,"[20,40)","[0.25,0.40)"
case_00067,detection,center_error_over_1m,barrier,10.891804390544195,0.7119480967521667,"[10,20)","[0.60,0.80)"
case_00068,detection,center_error_over_1m,barrier,10.038408560272519,0.7065056562423706,"[10,20)","[0.60,0.80)"
case_00069,detection,center_error_over_1m,barrier,15.662850164928411,0.6022245287895203,"[10,20)","[0.60,0.80)"
case_00070,detection,false_negative,traffic_cone,23.680988453789283,,"[20,40)",N/A (FN)
case_00071,detection,false_negative,barrier,22.7972439330499,,"[20,40)",N/A (FN)
case_00072,detection,false_negative,traffic_cone,24.191581683177,,"[20,40)",N/A (FN)
case_00073,detection,false_positive,barrier,25.73916591078328,0.4087883234024048,"[20,40)","[0.40,0.60)"
case_00074,detection,false_positive,barrier,15.62330587724458,0.2682570815086365,"[10,20)","[0.25,0.40)"
case_00075,detection,false_positive,barrier,19.72000833903307,0.26414090394973755,"[10,20)","[0.25,0.40)"
case_00076,detection,false_positive,motorcycle,35.567417040752765,0.5122472047805786,"[20,40)","[0.40,0.60)"
case_00077,detection,false_positive,motorcycle,27.130021651319947,0.38396555185317993,"[20,40)","[0.25,0.40)"
case_00078,detection,false_positive,bicycle,25.688397999352983,0.27615678310394287,"[20,40)","[0.25,0.40)"
case_00079,detection,false_positive,pedestrian,34.39102585629927,0.4165716767311096,"[20,40)","[0.40,0.60)"
case_00080,detection,false_positive,pedestrian,26.73118052648239,0.40027889609336853,"[20,40)","[0.40,0.60)"
case_00081,detection,false_positive,pedestrian,3.6987546685384074,0.27933746576309204,"[0,10)","[0.25,0.40)"
case_00082,detection,false_positive,pedestrian,34.595739250669986,0.27053403854370117,"[20,40)","[0.25,0.40)"
case_00083,detection,false_positive,pedestrian,34.627553993875594,0.2628055512905121,"[20,40)","[0.25,0.40)"
case_00084,detection,false_positive,pedestrian,37.680837825344426,0.253810316324234,"[20,40)","[0.25,0.40)"
case_00085,detection,false_positive,traffic_cone,21.79552142016366,0.25144219398498535,"[20,40)","[0.25,0.40)"
case_00086,detection,center_error_over_1m,barrier,19.447172771140448,0.5646446943283081,"[10,20)","[0.40,0.60)"
case_00087,detection,center_error_over_1m,barrier,12.417461245203725,0.5645235776901245,"[10,20)","[0.40,0.60)"
case_00088,detection,false_negative,pedestrian,5.435901458715837,,"[0,10)",N/A (FN)
case_00089,detection,false_negative,barrier,26.74287369072997,,"[20,40)",N/A (FN)
case_00090,detection,false_positive,barrier,8.503437005727553,0.6724773049354553,"[0,10)","[0.60,0.80)"
case_00091,detection,false_positive,barrier,15.129710956347964,0.495322048664093,"[10,20)","[0.40,0.60)"
case_00092,detection,false_positive,barrier,13.526806844971528,0.4218139052391052,"[10,20)","[0.40,0.60)"
case_00093,detection,false_positive,barrier,22.1609626626091,0.36446505784988403,"[20,40)","[0.25,0.40)"
case_00094,detection,false_positive,motorcycle,39.5909834203136,0.3796387314796448,"[20,40)","[0.25,0.40)"
case_00095,detection,false_positive,traffic_cone,20.268266306832547,0.5823256969451904,"[20,40)","[0.40,0.60)"
case_00096,detection,false_positive,pedestrian,31.935412115501293,0.5216360092163086,"[20,40)","[0.40,0.60)"
case_00097,detection,false_positive,pedestrian,31.147976727203947,0.511484682559967,"[20,40)","[0.40,0.60)"
case_00098,detection,false_positive,pedestrian,30.62823244894947,0.35493773221969604,"[20,40)","[0.25,0.40)"
case_00099,detection,center_error_over_1m,pedestrian,32.05340538148892,0.5846108794212341,"[20,40)","[0.40,0.60)"
case_00100,detection,center_error_over_1m,barrier,21.300000576296984,0.37142282724380493,"[20,40)","[0.25,0.40)"
case_00101,detection,false_negative,barrier,29.97518911146037,,"[20,40)",N/A (FN)
case_00102,detection,false_positive,car,48.23736724871418,0.4654552638530731,"[40,+inf)","[0.40,0.60)"
case_00103,detection,false_positive,barrier,9.058943730125751,0.6192619800567627,"[0,10)","[0.60,0.80)"
case_00104,detection,false_positive,barrier,8.938145689504378,0.5337135791778564,"[0,10)","[0.40,0.60)"
case_00105,detection,false_positive,barrier,14.624048503712235,0.49142760038375854,"[10,20)","[0.40,0.60)"
case_00106,detection,false_positive,barrier,11.993142253425136,0.46601834893226624,"[10,20)","[0.40,0.60)"
case_00107,detection,false_positive,barrier,19.3692543881935,0.30456870794296265,"[10,20)","[0.25,0.40)"
case_00108,detection,false_positive,barrier,27.528081515255412,0.27157190442085266,"[20,40)","[0.25,0.40)"
case_00109,detection,false_positive,pedestrian,29.065489108788842,0.5288068056106567,"[20,40)","[0.40,0.60)"
case_00110,detection,center_error_over_1m,barrier,8.869478798289434,0.6303167939186096,"[0,10)","[0.60,0.80)"
case_00111,detection,false_negative,pedestrian,36.556784718659856,,"[20,40)",N/A (FN)
case_00112,detection,false_negative,pedestrian,39.08716905939894,,"[20,40)",N/A (FN)
case_00113,detection,false_positive,car,49.89367111604952,0.25892022252082825,"[40,+inf)","[0.25,0.40)"
case_00114,detection,false_positive,construction_vehicle,44.13487253527021,0.2668428421020508,"[40,+inf)","[0.25,0.40)"
case_00115,detection,false_positive,barrier,12.814512195361544,0.3720892667770386,"[10,20)","[0.25,0.40)"
case_00116,detection,false_positive,barrier,18.749082606598783,0.32998576760292053,"[10,20)","[0.25,0.40)"
case_00117,detection,false_positive,barrier,20.788974133218467,0.27785858511924744,"[20,40)","[0.25,0.40)"
case_00118,detection,false_positive,motorcycle,36.470628290425054,0.27401116490364075,"[20,40)","[0.25,0.40)"
case_00119,detection,false_positive,pedestrian,27.547332482929907,0.7570227980613708,"[20,40)","[0.60,0.80)"
case_00120,detection,false_positive,pedestrian,27.155134045891128,0.40470194816589355,"[20,40)","[0.40,0.60)"
case_00121,detection,false_positive,pedestrian,35.03367380080296,0.2939092218875885,"[20,40)","[0.25,0.40)"
case_00122,detection,false_positive,traffic_cone,15.43354421638621,0.2801428735256195,"[10,20)","[0.25,0.40)"
case_00123,detection,false_positive,pedestrian,37.048337821844996,0.2752421796321869,"[20,40)","[0.25,0.40)"
case_00124,detection,false_positive,pedestrian,28.34109849471795,0.2648121118545532,"[20,40)","[0.25,0.40)"
case_00125,detection,false_positive,traffic_cone,16.822199422124946,0.25736308097839355,"[10,20)","[0.25,0.40)"
case_00126,detection,false_positive,pedestrian,31.38770954945623,0.2526560127735138,"[20,40)","[0.25,0.40)"
case_00127,detection,false_negative,bicycle,38.259581517297434,,"[20,40)",N/A (FN)
case_00128,detection,false_negative,construction_vehicle,43.80588097911545,,"[40,+inf)",N/A (FN)
case_00129,detection,false_positive,car,44.417866152368724,0.28660982847213745,"[40,+inf)","[0.25,0.40)"
case_00130,detection,false_positive,car,48.56838326466427,0.2612597942352295,"[40,+inf)","[0.25,0.40)"
case_00131,detection,false_positive,construction_vehicle,48.88040687145714,0.3202666640281677,"[40,+inf)","[0.25,0.40)"
case_00132,detection,false_positive,barrier,11.074179527638515,0.4431264102458954,"[10,20)","[0.40,0.60)"
case_00133,detection,false_positive,barrier,9.33662620681053,0.44177716970443726,"[0,10)","[0.40,0.60)"
case_00134,detection,false_positive,barrier,24.034565558806516,0.2852669358253479,"[20,40)","[0.25,0.40)"
case_00135,detection,false_positive,bicycle,18.175150353562096,0.2980588972568512,"[10,20)","[0.25,0.40)"
case_00136,detection,false_positive,pedestrian,37.91193860749912,0.46557772159576416,"[20,40)","[0.40,0.60)"
case_00137,detection,false_positive,pedestrian,15.932279834911721,0.3908913731575012,"[10,20)","[0.25,0.40)"
case_00138,detection,false_positive,traffic_cone,12.50072650046921,0.39020970463752747,"[10,20)","[0.25,0.40)"
case_00139,detection,false_positive,pedestrian,38.808907906342654,0.37659749388694763,"[20,40)","[0.25,0.40)"
case_00140,detection,false_positive,traffic_cone,8.427402298909644,0.3315725028514862,"[0,10)","[0.25,0.40)"
case_00141,detection,false_positive,pedestrian,26.62408337688848,0.32540467381477356,"[20,40)","[0.25,0.40)"
case_00142,detection,false_positive,pedestrian,38.208924573848186,0.311949759721756,"[20,40)","[0.25,0.40)"
case_00143,detection,false_positive,pedestrian,10.165887120015926,0.2625381648540497,"[10,20)","[0.25,0.40)"
case_00144,detection,false_negative,motorcycle,34.47044634933736,,"[20,40)",N/A (FN)
case_00145,detection,false_negative,construction_vehicle,40.42530951956766,,"[40,+inf)",N/A (FN)
case_00146,detection,false_negative,car,49.958261246427725,,"[40,+inf)",N/A (FN)
case_00147,detection,false_positive,car,47.305514820006614,0.2624422311782837,"[40,+inf)","[0.25,0.40)"
case_00148,detection,false_positive,barrier,12.212202111607958,0.6733695268630981,"[10,20)","[0.60,0.80)"
case_00149,detection,false_positive,barrier,14.894010159636444,0.6474557518959045,"[10,20)","[0.60,0.80)"
case_00150,detection,false_positive,barrier,13.25085006717782,0.5949670076370239,"[10,20)","[0.40,0.60)"
case_00151,detection,false_positive,barrier,21.655661508425883,0.5166791677474976,"[20,40)","[0.40,0.60)"
case_00152,detection,false_positive,barrier,16.7533296900473,0.49812379479408264,"[10,20)","[0.40,0.60)"
case_00153,detection,false_positive,barrier,23.60870153905709,0.3765779435634613,"[20,40)","[0.25,0.40)"
case_00154,detection,false_positive,barrier,17.073783009427004,0.31017935276031494,"[10,20)","[0.25,0.40)"
case_00155,detection,false_positive,barrier,22.643569229255057,0.262723445892334,"[20,40)","[0.25,0.40)"
case_00156,detection,false_positive,bicycle,17.356601256121703,0.5801053047180176,"[10,20)","[0.40,0.60)"
case_00157,detection,false_positive,bicycle,36.4439795712033,0.31266874074935913,"[20,40)","[0.25,0.40)"
case_00158,detection,false_positive,pedestrian,37.64170753520065,0.6416758894920349,"[20,40)","[0.60,0.80)"
case_00159,detection,false_positive,pedestrian,39.12326594549802,0.5359624624252319,"[20,40)","[0.40,0.60)"
case_00160,detection,false_positive,pedestrian,34.87190640898481,0.4841236472129822,"[20,40)","[0.40,0.60)"
case_00161,detection,false_positive,pedestrian,37.63399375696169,0.38194313645362854,"[20,40)","[0.25,0.40)"
case_00162,detection,false_positive,pedestrian,32.9349735713443,0.37567856907844543,"[20,40)","[0.25,0.40)"
case_00163,detection,false_positive,pedestrian,36.122046512497,0.35852962732315063,"[20,40)","[0.25,0.40)"
case_00164,detection,false_positive,pedestrian,23.576607584783282,0.3480128049850464,"[20,40)","[0.25,0.40)"
case_00165,detection,false_positive,pedestrian,23.915977800034142,0.34668099880218506,"[20,40)","[0.25,0.40)"
case_00166,detection,false_positive,pedestrian,38.95854815477709,0.28989845514297485,"[20,40)","[0.25,0.40)"
case_00167,detection,false_positive,traffic_cone,28.721171201214446,0.2760186493396759,"[20,40)","[0.25,0.40)"
case_00168,detection,false_positive,pedestrian,14.378211483216887,0.27397647500038147,"[10,20)","[0.25,0.40)"
case_00169,detection,false_positive,pedestrian,23.78619236667046,0.257876455783844,"[20,40)","[0.25,0.40)"
case_00170,detection,false_positive,pedestrian,33.89013933669823,0.25013381242752075,"[20,40)","[0.25,0.40)"
case_00171,detection,center_error_over_1m,pedestrian,37.7712704723167,0.6555772423744202,"[20,40)","[0.60,0.80)"
case_00172,detection,center_error_over_1m,barrier,18.317904720397614,0.5850855708122253,"[10,20)","[0.40,0.60)"
case_00173,detection,center_error_over_1m,barrier,16.736137794533377,0.5718075037002563,"[10,20)","[0.40,0.60)"
case_00174,detection,false_negative,pedestrian,31.426282108585294,,"[20,40)",N/A (FN)
case_00175,detection,false_negative,car,43.700215738720914,,"[40,+inf)",N/A (FN)
case_00176,detection,false_negative,barrier,16.153206500878113,,"[10,20)",N/A (FN)
case_00177,detection,false_positive,car,44.52505491645545,0.4069131016731262,"[40,+inf)","[0.40,0.60)"
case_00178,detection,false_positive,car,44.107468095158445,0.3259533941745758,"[40,+inf)","[0.25,0.40)"
case_00179,detection,false_positive,barrier,18.9836313842132,0.5154675841331482,"[10,20)","[0.40,0.60)"
case_00180,detection,false_positive,barrier,20.93509781807344,0.25911396741867065,"[20,40)","[0.25,0.40)"
case_00181,detection,false_positive,bicycle,17.09695958139489,0.5496426820755005,"[10,20)","[0.40,0.60)"
case_00182,detection,false_positive,motorcycle,36.000519521753425,0.3056544363498688,"[20,40)","[0.25,0.40)"
case_00183,detection,false_positive,motorcycle,36.58834729329586,0.27886006236076355,"[20,40)","[0.25,0.40)"
case_00184,detection,false_positive,motorcycle,38.357889201883616,0.275991827249527,"[20,40)","[0.25,0.40)"
case_00185,detection,false_positive,bicycle,35.96558056055418,0.2742204964160919,"[20,40)","[0.25,0.40)"
case_00186,detection,false_positive,pedestrian,36.525650448980045,0.6553094387054443,"[20,40)","[0.60,0.80)"
case_00187,detection,false_positive,pedestrian,23.44481085519244,0.6083081364631653,"[20,40)","[0.60,0.80)"
case_00188,detection,false_positive,pedestrian,35.19250069081006,0.5542965531349182,"[20,40)","[0.40,0.60)"
case_00189,detection,false_positive,pedestrian,23.72881366891592,0.49456915259361267,"[20,40)","[0.40,0.60)"
case_00190,detection,false_positive,pedestrian,37.30329908918083,0.4235261380672455,"[20,40)","[0.40,0.60)"
case_00191,detection,false_positive,pedestrian,25.758395598142283,0.36709466576576233,"[20,40)","[0.25,0.40)"
case_00192,detection,false_positive,pedestrian,36.78339789723235,0.3443939685821533,"[20,40)","[0.25,0.40)"
case_00193,detection,false_positive,pedestrian,37.572506819907545,0.33615267276763916,"[20,40)","[0.25,0.40)"
case_00194,detection,false_positive,pedestrian,23.833035119655317,0.31871694326400757,"[20,40)","[0.25,0.40)"
case_00195,detection,false_positive,pedestrian,33.274565540231116,0.3130577504634857,"[20,40)","[0.25,0.40)"
case_00196,detection,false_positive,pedestrian,17.567304521123585,0.3017708957195282,"[10,20)","[0.25,0.40)"
case_00197,detection,false_positive,pedestrian,25.838453665082103,0.28478506207466125,"[20,40)","[0.25,0.40)"
case_00198,detection,false_positive,traffic_cone,25.056922579084944,0.2525247037410736,"[20,40)","[0.25,0.40)"
case_00199,detection,center_error_over_1m,pedestrian,35.127845804922984,0.6988111734390259,"[20,40)","[0.60,0.80)"
case_00200,detection,false_negative,truck,47.84371526093009,,"[40,+inf)",N/A (FN)
case_00201,detection,false_positive,car,42.40893493877615,0.3593580424785614,"[40,+inf)","[0.25,0.40)"
case_00202,detection,false_positive,car,45.17763690210049,0.3576643466949463,"[40,+inf)","[0.25,0.40)"
case_00203,detection,false_positive,car,48.493012631993246,0.3492339253425598,"[40,+inf)","[0.25,0.40)"
case_00204,detection,false_positive,construction_vehicle,47.99493099518997,0.3042130172252655,"[40,+inf)","[0.25,0.40)"
case_00205,detection,false_positive,construction_vehicle,40.721039210969664,0.28077495098114014,"[40,+inf)","[0.25,0.40)"
case_00206,detection,false_positive,barrier,18.928721951135607,0.5009515285491943,"[10,20)","[0.40,0.60)"
case_00207,detection,false_positive,barrier,17.599137497812134,0.33989664912223816,"[10,20)","[0.25,0.40)"
case_00208,detection,false_positive,barrier,21.652671319209688,0.31593191623687744,"[20,40)","[0.25,0.40)"
case_00209,detection,false_positive,barrier,19.304571200656373,0.2695906162261963,"[10,20)","[0.25,0.40)"
case_00210,detection,false_positive,bicycle,17.6247651173334,0.4257950186729431,"[10,20)","[0.40,0.60)"
case_00211,detection,false_positive,motorcycle,19.777062537459887,0.36134523153305054,"[10,20)","[0.25,0.40)"
case_00212,detection,false_positive,pedestrian,34.32686374164063,0.6147086024284363,"[20,40)","[0.60,0.80)"
case_00213,detection,false_positive,pedestrian,31.68331239572098,0.6033450365066528,"[20,40)","[0.60,0.80)"
case_00214,detection,false_positive,pedestrian,22.885539639751602,0.5479705333709717,"[20,40)","[0.40,0.60)"
case_00215,detection,false_positive,pedestrian,38.45930017718647,0.41279229521751404,"[20,40)","[0.40,0.60)"
case_00216,detection,false_positive,pedestrian,31.354573402191498,0.3952520191669464,"[20,40)","[0.25,0.40)"
case_00217,detection,false_positive,pedestrian,37.18417189075556,0.37376439571380615,"[20,40)","[0.25,0.40)"
case_00218,detection,false_positive,pedestrian,7.7220078306301545,0.3650291860103607,"[0,10)","[0.25,0.40)"
case_00219,detection,false_positive,pedestrian,30.77790558761588,0.36277690529823303,"[20,40)","[0.25,0.40)"
case_00220,detection,false_positive,pedestrian,31.371055396697088,0.3489164710044861,"[20,40)","[0.25,0.40)"
case_00221,detection,false_positive,pedestrian,29.55515879733051,0.31569457054138184,"[20,40)","[0.25,0.40)"
case_00222,detection,false_positive,pedestrian,26.937872942120322,0.2971600890159607,"[20,40)","[0.25,0.40)"
case_00223,detection,false_positive,pedestrian,39.801664873689866,0.28249767422676086,"[20,40)","[0.25,0.40)"
case_00224,detection,false_positive,pedestrian,33.339095789443974,0.28158697485923767,"[20,40)","[0.25,0.40)"
case_00225,detection,false_positive,pedestrian,23.47881487023886,0.2754954695701599,"[20,40)","[0.25,0.40)"
case_00226,detection,false_positive,pedestrian,21.07525782270608,0.25844109058380127,"[20,40)","[0.25,0.40)"
case_00227,detection,center_error_over_1m,pedestrian,29.312164896180406,0.7230650186538696,"[20,40)","[0.60,0.80)"
case_00228,detection,center_error_over_1m,barrier,15.397686861679436,0.46860411763191223,"[10,20)","[0.40,0.60)"
case_00229,detection,false_negative,barrier,15.906977887538186,,"[10,20)",N/A (FN)
case_00230,detection,false_positive,car,34.784096314561204,0.40059956908226013,"[20,40)","[0.40,0.60)"
case_00231,detection,false_positive,construction_vehicle,20.475480792608693,0.29851022362709045,"[20,40)","[0.25,0.40)"
case_00232,detection,false_positive,barrier,28.913005865175954,0.37351149320602417,"[20,40)","[0.25,0.40)"
case_00233,detection,false_positive,barrier,29.188732297153344,0.3631299138069153,"[20,40)","[0.25,0.40)"
case_00234,detection,false_positive,barrier,18.62191734397385,0.34828874468803406,"[10,20)","[0.25,0.40)"
case_00235,detection,false_positive,barrier,22.27798541552185,0.29964807629585266,"[20,40)","[0.25,0.40)"
case_00236,detection,false_positive,barrier,29.621693699995458,0.26156148314476013,"[20,40)","[0.25,0.40)"
case_00237,detection,false_positive,motorcycle,22.311909978533674,0.3295239210128784,"[20,40)","[0.25,0.40)"
case_00238,detection,false_positive,motorcycle,39.09543010260046,0.30017033219337463,"[20,40)","[0.25,0.40)"
case_00239,detection,false_positive,motorcycle,32.64479618934005,0.25547710061073303,"[20,40)","[0.25,0.40)"
case_00240,detection,false_positive,pedestrian,30.88982173485063,0.7034031748771667,"[20,40)","[0.60,0.80)"
case_00241,detection,false_positive,pedestrian,22.976945881544097,0.5939202308654785,"[20,40)","[0.40,0.60)"
case_00242,detection,false_positive,pedestrian,34.99731128574196,0.42309191823005676,"[20,40)","[0.40,0.60)"
case_00243,detection,false_positive,pedestrian,23.48518870986159,0.41211220622062683,"[20,40)","[0.40,0.60)"
case_00244,detection,false_positive,pedestrian,33.71772027705192,0.39755403995513916,"[20,40)","[0.25,0.40)"
case_00245,detection,false_positive,pedestrian,23.3636138468363,0.34908154606819153,"[20,40)","[0.25,0.40)"
case_00246,detection,false_positive,pedestrian,22.059085331055755,0.34080076217651367,"[20,40)","[0.25,0.40)"
case_00247,detection,false_positive,pedestrian,27.230133207051647,0.33520907163619995,"[20,40)","[0.25,0.40)"
case_00248,detection,false_positive,pedestrian,27.545519629256386,0.3304832875728607,"[20,40)","[0.25,0.40)"
case_00249,detection,false_positive,pedestrian,28.483653564332666,0.3070276081562042,"[20,40)","[0.25,0.40)"
case_00250,detection,false_positive,pedestrian,31.36170777370417,0.28533005714416504,"[20,40)","[0.25,0.40)"
case_00251,detection,false_positive,pedestrian,25.28589620908335,0.28185173869132996,"[20,40)","[0.25,0.40)"
case_00252,detection,false_positive,pedestrian,28.12129434662396,0.2586660385131836,"[20,40)","[0.25,0.40)"
case_00253,detection,false_positive,pedestrian,34.427745430282144,0.25864535570144653,"[20,40)","[0.25,0.40)"
case_00254,detection,false_positive,traffic_cone,28.752218168582427,0.2572391927242279,"[20,40)","[0.25,0.40)"
case_00255,detection,false_positive,pedestrian,24.028935131464568,0.2525642514228821,"[20,40)","[0.25,0.40)"
case_00256,detection,center_error_over_1m,pedestrian,30.847169998614557,0.713472843170166,"[20,40)","[0.60,0.80)"
case_00257,detection,center_error_over_1m,pedestrian,33.49660471425887,0.5901018977165222,"[20,40)","[0.40,0.60)"
case_00258,detection,false_negative,car,47.91899496597766,,"[40,+inf)",N/A (FN)
case_00259,detection,false_negative,barrier,12.95564524189434,,"[10,20)",N/A (FN)
case_00260,detection,false_positive,car,37.72509270023174,0.44361600279808044,"[20,40)","[0.40,0.60)"
case_00261,detection,false_positive,car,44.774087426165075,0.30917859077453613,"[40,+inf)","[0.25,0.40)"
case_00262,detection,false_positive,car,48.432995605433,0.2998867332935333,"[40,+inf)","[0.25,0.40)"
case_00263,detection,false_positive,car,40.380041499052524,0.2960055470466614,"[40,+inf)","[0.25,0.40)"
case_00264,detection,false_positive,car,41.41329234147302,0.26846063137054443,"[40,+inf)","[0.25,0.40)"
case_00265,detection,false_positive,barrier,20.901890498398192,0.5090068578720093,"[20,40)","[0.40,0.60)"
case_00266,detection,false_positive,barrier,23.706542780155996,0.45159751176834106,"[20,40)","[0.40,0.60)"
case_00267,detection,false_positive,barrier,26.965793026790585,0.42673248052597046,"[20,40)","[0.40,0.60)"
case_00268,detection,false_positive,barrier,19.74268402554909,0.3474034070968628,"[10,20)","[0.25,0.40)"
case_00269,detection,false_positive,barrier,23.525426855956912,0.32593056559562683,"[20,40)","[0.25,0.40)"
case_00270,detection,false_positive,barrier,26.944793070384836,0.32370927929878235,"[20,40)","[0.25,0.40)"
case_00271,detection,false_positive,barrier,25.15039326993045,0.32130247354507446,"[20,40)","[0.25,0.40)"
case_00272,detection,false_positive,barrier,21.161783191333544,0.2962299883365631,"[20,40)","[0.25,0.40)"
case_00273,detection,false_positive,barrier,22.204930149094164,0.27266645431518555,"[20,40)","[0.25,0.40)"
case_00274,detection,false_positive,traffic_cone,12.766698190540092,0.6656006574630737,"[10,20)","[0.60,0.80)"
case_00275,detection,false_positive,traffic_cone,26.9991566896472,0.5357934236526489,"[20,40)","[0.40,0.60)"
case_00276,detection,false_positive,traffic_cone,27.65570998632765,0.47697341442108154,"[20,40)","[0.40,0.60)"
case_00277,detection,false_positive,pedestrian,29.616103128728348,0.4515877366065979,"[20,40)","[0.40,0.60)"
case_00278,detection,false_positive,pedestrian,24.12609509603192,0.44789740443229675,"[20,40)","[0.40,0.60)"
case_00279,detection,false_positive,pedestrian,31.271588478618657,0.4400045871734619,"[20,40)","[0.40,0.60)"
case_00280,detection,false_positive,pedestrian,30.77203611797913,0.4387456178665161,"[20,40)","[0.40,0.60)"
case_00281,detection,false_positive,traffic_cone,11.451957440010657,0.42156487703323364,"[10,20)","[0.40,0.60)"
case_00282,detection,false_positive,pedestrian,30.216955367631083,0.3858632445335388,"[20,40)","[0.25,0.40)"
case_00283,detection,false_positive,pedestrian,36.47688412039975,0.3787943422794342,"[20,40)","[0.25,0.40)"
case_00284,detection,false_positive,traffic_cone,25.471078039667525,0.3622465431690216,"[20,40)","[0.25,0.40)"
case_00285,detection,false_positive,pedestrian,29.175046747757882,0.3444838523864746,"[20,40)","[0.25,0.40)"
case_00286,detection,false_positive,pedestrian,32.350395707078015,0.3074340224266052,"[20,40)","[0.25,0.40)"
case_00287,detection,false_positive,pedestrian,31.754016755339553,0.30190107226371765,"[20,40)","[0.25,0.40)"
case_00288,detection,false_positive,pedestrian,27.00522954003936,0.29731476306915283,"[20,40)","[0.25,0.40)"
case_00289,detection,false_positive,pedestrian,27.41890646710234,0.29445192217826843,"[20,40)","[0.25,0.40)"
case_00290,detection,false_positive,traffic_cone,29.48723824406601,0.285130113363266,"[20,40)","[0.25,0.40)"
case_00291,detection,false_positive,pedestrian,31.80085024968126,0.2759488821029663,"[20,40)","[0.25,0.40)"
case_00292,detection,false_positive,pedestrian,23.570721577340933,0.2684526741504669,"[20,40)","[0.25,0.40)"
case_00293,detection,false_positive,pedestrian,21.482542590088347,0.26362818479537964,"[20,40)","[0.25,0.40)"
case_00294,detection,false_positive,pedestrian,25.852146070120735,0.2622261941432953,"[20,40)","[0.25,0.40)"
case_00295,detection,false_positive,pedestrian,22.26302454859952,0.25871723890304565,"[20,40)","[0.25,0.40)"
case_00296,detection,false_positive,traffic_cone,26.516339113309815,0.2568683624267578,"[20,40)","[0.25,0.40)"
case_00297,detection,center_error_over_1m,barrier,20.754016210194585,0.5883762836456299,"[20,40)","[0.40,0.60)"
case_00298,detection,center_error_over_1m,pedestrian,27.316010685497044,0.5722742676734924,"[20,40)","[0.40,0.60)"
case_00299,detection,center_error_over_1m,traffic_cone,25.07727261837009,0.5228636264801025,"[20,40)","[0.40,0.60)"
case_00300,detection,center_error_over_1m,pedestrian,25.496345265191174,0.4119029641151428,"[20,40)","[0.40,0.60)"
case_00301,detection,false_negative,barrier,12.548605222430423,,"[10,20)",N/A (FN)
case_00302,detection,false_positive,car,48.49704118004773,0.38810601830482483,"[40,+inf)","[0.25,0.40)"
case_00303,detection,false_positive,car,45.74108203973619,0.3836195766925812,"[40,+inf)","[0.25,0.40)"
case_00304,detection,false_positive,car,36.38866885250636,0.3093482255935669,"[20,40)","[0.25,0.40)"
case_00305,detection,false_positive,car,35.77901180037644,0.27534952759742737,"[20,40)","[0.25,0.40)"
case_00306,detection,false_positive,car,39.26530511648968,0.2611455023288727,"[20,40)","[0.25,0.40)"
case_00307,detection,false_positive,barrier,23.287714492319008,0.567302942276001,"[20,40)","[0.40,0.60)"
case_00308,detection,false_positive,barrier,29.590497722753334,0.37548238039016724,"[20,40)","[0.25,0.40)"
case_00309,detection,false_positive,barrier,26.91566502601512,0.3457831144332886,"[20,40)","[0.25,0.40)"
case_00310,detection,false_positive,barrier,23.01576702078534,0.28906476497650146,"[20,40)","[0.25,0.40)"
case_00311,detection,false_positive,bicycle,29.521438540175886,0.2665269672870636,"[20,40)","[0.25,0.40)"
case_00312,detection,false_positive,pedestrian,24.706849976052197,0.6192478537559509,"[20,40)","[0.60,0.80)"
case_00313,detection,false_positive,pedestrian,28.016789423729552,0.5772183537483215,"[20,40)","[0.40,0.60)"
case_00314,detection,false_positive,pedestrian,28.653709420193447,0.5272167921066284,"[20,40)","[0.40,0.60)"
case_00315,detection,false_positive,pedestrian,23.60267592808089,0.5180001854896545,"[20,40)","[0.40,0.60)"
case_00316,detection,false_positive,pedestrian,24.379801756538626,0.47950083017349243,"[20,40)","[0.40,0.60)"
case_00317,detection,false_positive,pedestrian,24.101906808776,0.45251473784446716,"[20,40)","[0.40,0.60)"
case_00318,detection,false_positive,traffic_cone,23.203761332115604,0.41935381293296814,"[20,40)","[0.40,0.60)"
case_00319,detection,false_positive,pedestrian,23.270987420428884,0.4137606918811798,"[20,40)","[0.40,0.60)"
case_00320,detection,false_positive,pedestrian,27.631045931580672,0.4081888794898987,"[20,40)","[0.40,0.60)"
case_00321,detection,false_positive,pedestrian,27.992117093670345,0.4032377302646637,"[20,40)","[0.40,0.60)"
case_00322,detection,false_positive,pedestrian,26.463956005195218,0.40122172236442566,"[20,40)","[0.40,0.60)"
case_00323,detection,false_positive,traffic_cone,21.492658983058348,0.39545491337776184,"[20,40)","[0.25,0.40)"
case_00324,detection,false_positive,traffic_cone,25.22819219834189,0.3953228294849396,"[20,40)","[0.25,0.40)"
case_00325,detection,false_positive,traffic_cone,26.607923606805166,0.38721904158592224,"[20,40)","[0.25,0.40)"
case_00326,detection,false_positive,traffic_cone,22.428837201963326,0.38181519508361816,"[20,40)","[0.25,0.40)"
case_00327,detection,false_positive,pedestrian,21.737667896430203,0.3785516619682312,"[20,40)","[0.25,0.40)"
case_00328,detection,false_positive,traffic_cone,14.53543555327958,0.3772953450679779,"[10,20)","[0.25,0.40)"
case_00329,detection,false_positive,traffic_cone,25.440622302778745,0.3672384023666382,"[20,40)","[0.25,0.40)"
case_00330,detection,false_positive,pedestrian,26.400534237639622,0.3174861967563629,"[20,40)","[0.25,0.40)"
case_00331,detection,false_positive,traffic_cone,21.99125067250882,0.3091775178909302,"[20,40)","[0.25,0.40)"
case_00332,detection,false_positive,pedestrian,26.21664240908981,0.30495768785476685,"[20,40)","[0.25,0.40)"
case_00333,detection,false_positive,pedestrian,24.95877647270638,0.2762735188007355,"[20,40)","[0.25,0.40)"
case_00334,detection,false_positive,traffic_cone,22.35665964287783,0.26168984174728394,"[20,40)","[0.25,0.40)"
case_00335,detection,false_positive,traffic_cone,14.845138236068268,0.25040051341056824,"[10,20)","[0.25,0.40)"
case_00336,detection,center_error_over_1m,pedestrian,25.943929870607757,0.7777549028396606,"[20,40)","[0.60,0.80)"
case_00337,detection,center_error_over_1m,pedestrian,27.679364828275915,0.6407772302627563,"[20,40)","[0.60,0.80)"
case_00338,detection,center_error_over_1m,traffic_cone,22.223355837293106,0.520918607711792,"[20,40)","[0.40,0.60)"
case_00339,detection,center_error_over_1m,pedestrian,26.051276926360323,0.5029215812683105,"[20,40)","[0.40,0.60)"
case_00340,detection,center_error_over_1m,car,35.52848054501549,0.3284894824028015,"[20,40)","[0.25,0.40)"
case_00341,detection,false_negative,pedestrian,19.656394794304727,,"[10,20)",N/A (FN)
case_00342,detection,false_negative,barrier,12.644363156347822,,"[10,20)",N/A (FN)
case_00343,detection,false_negative,barrier,12.284327250614258,,"[10,20)",N/A (FN)
case_00344,detection,false_positive,car,35.45304227382578,0.3614732325077057,"[20,40)","[0.25,0.40)"
case_00345,detection,false_positive,car,40.80889532973205,0.2986520528793335,"[40,+inf)","[0.25,0.40)"
case_00346,detection,false_positive,car,43.267332522830536,0.2910066545009613,"[40,+inf)","[0.25,0.40)"
case_00347,detection,false_positive,barrier,25.561852706543945,0.5619792938232422,"[20,40)","[0.40,0.60)"
case_00348,detection,false_positive,barrier,27.475884684451724,0.5243105292320251,"[20,40)","[0.40,0.60)"
case_00349,detection,false_positive,barrier,21.33063300255303,0.5178162455558777,"[20,40)","[0.40,0.60)"
case_00350,detection,false_positive,barrier,27.967818448084532,0.42540255188941956,"[20,40)","[0.40,0.60)"
case_00351,detection,false_positive,barrier,26.977900610104143,0.36228933930397034,"[20,40)","[0.25,0.40)"
case_00352,detection,false_positive,barrier,25.5666309927602,0.35142233967781067,"[20,40)","[0.25,0.40)"
case_00353,detection,false_positive,barrier,22.772898971579487,0.30047348141670227,"[20,40)","[0.25,0.40)"
case_00354,detection,false_positive,barrier,21.74452215942223,0.2924276292324066,"[20,40)","[0.25,0.40)"
case_00355,detection,false_positive,bicycle,24.98333197775035,0.2791629135608673,"[20,40)","[0.25,0.40)"
case_00356,detection,false_positive,pedestrian,26.788783275684718,0.6656389236450195,"[20,40)","[0.60,0.80)"
case_00357,detection,false_positive,pedestrian,24.8217539007043,0.6161323189735413,"[20,40)","[0.60,0.80)"
case_00358,detection,false_positive,traffic_cone,21.047955195077638,0.5855037569999695,"[20,40)","[0.40,0.60)"
case_00359,detection,false_positive,traffic_cone,21.888880826651707,0.57193523645401,"[20,40)","[0.40,0.60)"
case_00360,detection,false_positive,pedestrian,25.97413125150628,0.4826565682888031,"[20,40)","[0.40,0.60)"
case_00361,detection,false_positive,pedestrian,25.186198538864588,0.43192818760871887,"[20,40)","[0.40,0.60)"
case_00362,detection,false_positive,traffic_cone,17.720482184862295,0.4265383183956146,"[10,20)","[0.40,0.60)"
case_00363,detection,false_positive,pedestrian,26.81751377805694,0.4167494475841522,"[20,40)","[0.40,0.60)"
case_00364,detection,false_positive,pedestrian,25.345129726902204,0.4116927981376648,"[20,40)","[0.40,0.60)"
case_00365,detection,false_positive,pedestrian,22.63004083153486,0.41155338287353516,"[20,40)","[0.40,0.60)"
case_00366,detection,false_positive,traffic_cone,19.487730956723592,0.40229666233062744,"[10,20)","[0.40,0.60)"
case_00367,detection,false_positive,pedestrian,27.910031403622675,0.37969866394996643,"[20,40)","[0.25,0.40)"
case_00368,detection,false_positive,pedestrian,28.544566098941527,0.3745814561843872,"[20,40)","[0.25,0.40)"
case_00369,detection,false_positive,pedestrian,11.602736814659254,0.3668266832828522,"[10,20)","[0.25,0.40)"
case_00370,detection,false_positive,traffic_cone,25.89249567934183,0.3499472439289093,"[20,40)","[0.25,0.40)"
case_00371,detection,false_positive,traffic_cone,24.070789388792626,0.3382071256637573,"[20,40)","[0.25,0.40)"
case_00372,detection,false_positive,pedestrian,21.888785836083017,0.3342679440975189,"[20,40)","[0.25,0.40)"
case_00373,detection,false_positive,pedestrian,27.81238310427655,0.3283250033855438,"[20,40)","[0.25,0.40)"
case_00374,detection,false_positive,pedestrian,24.990721895940194,0.32785701751708984,"[20,40)","[0.25,0.40)"
case_00375,detection,false_positive,traffic_cone,23.562438480667012,0.31461524963378906,"[20,40)","[0.25,0.40)"
case_00376,detection,false_positive,pedestrian,31.798769036784652,0.31325656175613403,"[20,40)","[0.25,0.40)"
case_00377,detection,false_positive,pedestrian,24.63599231619697,0.30078864097595215,"[20,40)","[0.25,0.40)"
case_00378,detection,false_positive,pedestrian,24.3337536874489,0.2986007034778595,"[20,40)","[0.25,0.40)"
case_00379,detection,false_positive,pedestrian,21.74895857860246,0.29740265011787415,"[20,40)","[0.25,0.40)"
case_00380,detection,false_positive,pedestrian,27.81850797772393,0.2962639033794403,"[20,40)","[0.25,0.40)"
case_00381,detection,false_positive,pedestrian,27.69197424037656,0.2873382568359375,"[20,40)","[0.25,0.40)"
case_00382,detection,false_positive,pedestrian,24.241423331412573,0.286243736743927,"[20,40)","[0.25,0.40)"
case_00383,detection,false_positive,pedestrian,25.40585162526878,0.2743228077888489,"[20,40)","[0.25,0.40)"
case_00384,detection,false_positive,traffic_cone,23.583970487365153,0.2742922306060791,"[20,40)","[0.25,0.40)"
case_00385,detection,false_positive,pedestrian,25.82562739168913,0.27257806062698364,"[20,40)","[0.25,0.40)"
case_00386,detection,false_positive,pedestrian,22.84250679138674,0.2711852490901947,"[20,40)","[0.25,0.40)"
case_00387,detection,false_positive,pedestrian,24.613066726010324,0.26703816652297974,"[20,40)","[0.25,0.40)"
case_00388,detection,false_positive,traffic_cone,26.210160643957643,0.26501229405403137,"[20,40)","[0.25,0.40)"
case_00389,detection,false_positive,pedestrian,25.212277904999837,0.2557617127895355,"[20,40)","[0.25,0.40)"
case_00390,detection,false_positive,pedestrian,25.733595052197302,0.2505021393299103,"[20,40)","[0.25,0.40)"
case_00391,detection,center_error_over_1m,pedestrian,23.293253496800098,0.6375652551651001,"[20,40)","[0.60,0.80)"
case_00392,detection,center_error_over_1m,pedestrian,24.9220228444799,0.572611927986145,"[20,40)","[0.40,0.60)"
case_00393,detection,center_error_over_1m,pedestrian,26.636858116348098,0.5460061430931091,"[20,40)","[0.40,0.60)"
case_00394,detection,center_error_over_1m,pedestrian,22.05519640513349,0.5342867970466614,"[20,40)","[0.40,0.60)"
case_00395,detection,center_error_over_1m,traffic_cone,19.174420159111865,0.4252316653728485,"[10,20)","[0.40,0.60)"
case_00396,detection,false_negative,pedestrian,17.094517435558853,,"[10,20)",N/A (FN)
case_00397,detection,false_negative,barrier,13.091070541424486,,"[10,20)",N/A (FN)
case_00398,detection,false_positive,car,42.262465345722646,0.563048779964447,"[40,+inf)","[0.40,0.60)"
case_00399,detection,false_positive,car,40.01392106024528,0.28862515091896057,"[40,+inf)","[0.25,0.40)"
case_00400,detection,false_positive,car,45.93353868691807,0.2872731685638428,"[40,+inf)","[0.25,0.40)"
case_00401,detection,false_positive,truck,39.97390921330867,0.2860049903392792,"[20,40)","[0.25,0.40)"
case_00402,detection,false_positive,barrier,27.734644947955584,0.5856547951698303,"[20,40)","[0.40,0.60)"
case_00403,detection,false_positive,barrier,27.866723960532177,0.5072555541992188,"[20,40)","[0.40,0.60)"
case_00404,detection,false_positive,barrier,29.98871950690169,0.4127275347709656,"[20,40)","[0.40,0.60)"
case_00405,detection,false_positive,barrier,25.31034089361405,0.3844336271286011,"[20,40)","[0.25,0.40)"
case_00406,detection,false_positive,barrier,26.672325529883132,0.3720201551914215,"[20,40)","[0.25,0.40)"
case_00407,detection,false_positive,barrier,19.931320775121055,0.37076595425605774,"[10,20)","[0.25,0.40)"
case_00408,detection,false_positive,barrier,29.404424943868626,0.30927708745002747,"[20,40)","[0.25,0.40)"
case_00409,detection,false_positive,barrier,26.051225598517128,0.2557568848133087,"[20,40)","[0.25,0.40)"
case_00410,detection,false_positive,motorcycle,24.51974696462734,0.41081857681274414,"[20,40)","[0.40,0.60)"
case_00411,detection,false_positive,bicycle,25.16864407711439,0.3427280783653259,"[20,40)","[0.25,0.40)"
case_00412,detection,false_positive,motorcycle,35.83667133689922,0.2579748034477234,"[20,40)","[0.25,0.40)"
case_00413,detection,false_positive,bicycle,33.14764412193436,0.2562274932861328,"[20,40)","[0.25,0.40)"
case_00414,detection,false_positive,pedestrian,23.65947545473007,0.6819359064102173,"[20,40)","[0.60,0.80)"
case_00415,detection,false_positive,pedestrian,27.089468993781953,0.5926323533058167,"[20,40)","[0.40,0.60)"
case_00416,detection,false_positive,pedestrian,23.44004457059727,0.5844519138336182,"[20,40)","[0.40,0.60)"
case_00417,detection,false_positive,pedestrian,24.90186839522782,0.5786805152893066,"[20,40)","[0.40,0.60)"
case_00418,detection,false_positive,pedestrian,24.32183720613691,0.558953583240509,"[20,40)","[0.40,0.60)"
case_00419,detection,false_positive,pedestrian,19.494368231361413,0.5525716543197632,"[10,20)","[0.40,0.60)"
case_00420,detection,false_positive,pedestrian,20.371786327690774,0.544890820980072,"[20,40)","[0.40,0.60)"
case_00421,detection,false_positive,pedestrian,19.113846182199516,0.4668762683868408,"[10,20)","[0.40,0.60)"
case_00422,detection,false_positive,traffic_cone,19.66986243874164,0.4532766044139862,"[10,20)","[0.40,0.60)"
case_00423,detection,false_positive,traffic_cone,19.732587172397906,0.4394240081310272,"[10,20)","[0.40,0.60)"
case_00424,detection,false_positive,pedestrian,26.711070206932707,0.43916139006614685,"[20,40)","[0.40,0.60)"
case_00425,detection,false_positive,traffic_cone,27.872081547727447,0.4201006293296814,"[20,40)","[0.40,0.60)"
case_00426,detection,false_positive,pedestrian,22.120649042801734,0.4064052700996399,"[20,40)","[0.40,0.60)"
case_00427,detection,false_positive,pedestrian,27.029441097657834,0.3994571566581726,"[20,40)","[0.25,0.40)"
case_00428,detection,false_positive,pedestrian,19.600992032558178,0.39338403940200806,"[10,20)","[0.25,0.40)"
case_00429,detection,false_positive,traffic_cone,19.184878787940466,0.38503673672676086,"[10,20)","[0.25,0.40)"
case_00430,detection,false_positive,pedestrian,25.603840027339963,0.35797056555747986,"[20,40)","[0.25,0.40)"
case_00431,detection,false_positive,pedestrian,22.052548694792065,0.35557201504707336,"[20,40)","[0.25,0.40)"
case_00432,detection,false_positive,pedestrian,18.47683586803176,0.3547322154045105,"[10,20)","[0.25,0.40)"
case_00433,detection,false_positive,traffic_cone,16.835086903364086,0.3433210253715515,"[10,20)","[0.25,0.40)"
case_00434,detection,false_positive,pedestrian,25.5812951661216,0.33284085988998413,"[20,40)","[0.25,0.40)"
case_00435,detection,false_positive,traffic_cone,18.889613082911822,0.32463881373405457,"[10,20)","[0.25,0.40)"
case_00436,detection,false_positive,pedestrian,39.465215572302235,0.3147123456001282,"[20,40)","[0.25,0.40)"
case_00437,detection,false_positive,pedestrian,11.884570021713785,0.3139926791191101,"[10,20)","[0.25,0.40)"
case_00438,detection,false_positive,traffic_cone,22.799615256281108,0.29633674025535583,"[20,40)","[0.25,0.40)"
case_00439,detection,false_positive,pedestrian,24.956560830883415,0.2896069586277008,"[20,40)","[0.25,0.40)"
case_00440,detection,false_positive,traffic_cone,20.193380329049955,0.2859286367893219,"[20,40)","[0.25,0.40)"
case_00441,detection,false_positive,traffic_cone,22.246486722819935,0.2829333543777466,"[20,40)","[0.25,0.40)"
case_00442,detection,false_positive,traffic_cone,21.26412422553061,0.28045913577079773,"[20,40)","[0.25,0.40)"
case_00443,detection,false_positive,pedestrian,19.145479690629184,0.2761242389678955,"[10,20)","[0.25,0.40)"
case_00444,detection,false_positive,traffic_cone,16.30214281359503,0.275631844997406,"[10,20)","[0.25,0.40)"
case_00445,detection,false_positive,pedestrian,26.547434220721488,0.2715202271938324,"[20,40)","[0.25,0.40)"
case_00446,detection,false_positive,traffic_cone,23.447863102133713,0.266558974981308,"[20,40)","[0.25,0.40)"
case_00447,detection,false_positive,traffic_cone,23.504620190738507,0.26164087653160095,"[20,40)","[0.25,0.40)"
case_00448,detection,center_error_over_1m,pedestrian,19.38841149024033,0.6471079587936401,"[10,20)","[0.60,0.80)"
case_00449,detection,center_error_over_1m,traffic_cone,19.741455789259753,0.6294004917144775,"[10,20)","[0.60,0.80)"
case_00450,detection,center_error_over_1m,car,30.027842738267747,0.42560020089149475,"[20,40)","[0.40,0.60)"
case_00451,detection,center_error_over_1m,traffic_cone,20.11895124908265,0.4096260070800781,"[20,40)","[0.40,0.60)"
case_00452,detection,false_negative,barrier,14.17345416862771,,"[10,20)",N/A (FN)
case_00453,detection,false_negative,barrier,29.607750754573765,,"[20,40)",N/A (FN)
case_00454,detection,false_positive,car,48.32707152853851,0.43075552582740784,"[40,+inf)","[0.40,0.60)"
case_00455,detection,false_positive,car,36.570639231084876,0.32329630851745605,"[20,40)","[0.25,0.40)"
case_00456,detection,false_positive,truck,45.42044188543403,0.28286081552505493,"[40,+inf)","[0.25,0.40)"
case_00457,detection,false_positive,truck,48.452047694174546,0.2661982476711273,"[40,+inf)","[0.25,0.40)"
case_00458,detection,false_positive,construction_vehicle,49.33682314592572,0.2561259865760803,"[40,+inf)","[0.25,0.40)"
case_00459,detection,false_positive,trailer,48.36879856289488,0.25905293226242065,"[40,+inf)","[0.25,0.40)"
case_00460,detection,false_positive,barrier,21.67581577372434,0.39161011576652527,"[20,40)","[0.25,0.40)"
case_00461,detection,false_positive,barrier,22.692629312347687,0.3283368945121765,"[20,40)","[0.25,0.40)"
case_00462,detection,false_positive,barrier,25.357344371895582,0.2609230875968933,"[20,40)","[0.25,0.40)"
case_00463,detection,false_positive,bicycle,30.877893754723118,0.2957920432090759,"[20,40)","[0.25,0.40)"
case_00464,detection,false_positive,bicycle,30.56229839741086,0.2574447989463806,"[20,40)","[0.25,0.40)"
case_00465,detection,false_positive,pedestrian,23.65828190497103,0.6601389646530151,"[20,40)","[0.60,0.80)"
case_00466,detection,false_positive,pedestrian,23.093937599729486,0.5365712642669678,"[20,40)","[0.40,0.60)"
case_00467,detection,false_positive,pedestrian,27.849450659359377,0.5348885655403137,"[20,40)","[0.40,0.60)"
case_00468,detection,false_positive,pedestrian,20.87546504171124,0.5234116315841675,"[20,40)","[0.40,0.60)"
case_00469,detection,false_positive,traffic_cone,22.136175672420624,0.45333465933799744,"[20,40)","[0.40,0.60)"
case_00470,detection,false_positive,pedestrian,25.259789786108758,0.45218339562416077,"[20,40)","[0.40,0.60)"
case_00471,detection,false_positive,traffic_cone,14.58754600129774,0.4262625277042389,"[10,20)","[0.40,0.60)"
case_00472,detection,false_positive,traffic_cone,16.981991769416133,0.42119672894477844,"[10,20)","[0.40,0.60)"
case_00473,detection,false_positive,traffic_cone,17.043099456144052,0.4163565933704376,"[10,20)","[0.40,0.60)"
case_00474,detection,false_positive,pedestrian,21.647512839791,0.4061369001865387,"[20,40)","[0.40,0.60)"
case_00475,detection,false_positive,traffic_cone,25.80951339658846,0.40439948439598083,"[20,40)","[0.40,0.60)"
case_00476,detection,false_positive,pedestrian,8.18324469755607,0.37522217631340027,"[0,10)","[0.25,0.40)"
case_00477,detection,false_positive,traffic_cone,14.467384321558189,0.3703904151916504,"[10,20)","[0.25,0.40)"
case_00478,detection,false_positive,pedestrian,23.00232138024071,0.3669789135456085,"[20,40)","[0.25,0.40)"
case_00479,detection,false_positive,pedestrian,27.42205756153728,0.3531472384929657,"[20,40)","[0.25,0.40)"
case_00480,detection,false_positive,traffic_cone,21.743281170104204,0.3343856632709503,"[20,40)","[0.25,0.40)"
case_00481,detection,false_positive,pedestrian,16.74833974473739,0.3253350853919983,"[10,20)","[0.25,0.40)"
case_00482,detection,false_positive,pedestrian,23.11437475507245,0.32355234026908875,"[20,40)","[0.25,0.40)"
case_00483,detection,false_positive,pedestrian,22.34651676306619,0.3171623647212982,"[20,40)","[0.25,0.40)"
case_00484,detection,false_positive,pedestrian,22.704089622299474,0.3020893931388855,"[20,40)","[0.25,0.40)"
case_00485,detection,false_positive,pedestrian,18.02203499007774,0.2823302745819092,"[10,20)","[0.25,0.40)"
case_00486,detection,false_positive,pedestrian,26.989666748328677,0.27941644191741943,"[20,40)","[0.25,0.40)"
case_00487,detection,false_positive,pedestrian,18.39200753919228,0.2769356071949005,"[10,20)","[0.25,0.40)"
case_00488,detection,false_positive,pedestrian,22.839227192615766,0.27624455094337463,"[20,40)","[0.25,0.40)"
case_00489,detection,false_positive,traffic_cone,18.956324044614945,0.27339574694633484,"[10,20)","[0.25,0.40)"
case_00490,detection,false_positive,pedestrian,18.70222640604053,0.2721177041530609,"[10,20)","[0.25,0.40)"
case_00491,detection,false_positive,pedestrian,28.188862501879637,0.26757603883743286,"[20,40)","[0.25,0.40)"
case_00492,detection,false_positive,traffic_cone,17.703496694202105,0.25435397028923035,"[10,20)","[0.25,0.40)"
case_00493,detection,false_positive,pedestrian,32.30015103354703,0.25373896956443787,"[20,40)","[0.25,0.40)"
case_00494,detection,center_error_over_1m,traffic_cone,16.78376562436549,0.6918453574180603,"[10,20)","[0.60,0.80)"
case_00495,detection,center_error_over_1m,traffic_cone,22.134985219428543,0.6092705130577087,"[20,40)","[0.60,0.80)"
case_00496,detection,center_error_over_1m,traffic_cone,14.317337876654914,0.45181241631507874,"[10,20)","[0.40,0.60)"
case_00497,detection,center_error_over_1m,barrier,14.520525876146067,0.4249260425567627,"[10,20)","[0.40,0.60)"
case_00498,detection,false_negative,barrier,29.964610501040035,,"[20,40)",N/A (FN)
case_00499,detection,false_negative,car,36.75091775523901,,"[20,40)",N/A (FN)
case_00500,detection,false_positive,car,25.529305982942446,0.4663226902484894,"[20,40)","[0.40,0.60)"
case_00501,detection,false_positive,car,43.078869988002694,0.3162457048892975,"[40,+inf)","[0.25,0.40)"
case_00502,detection,false_positive,car,39.903333988344755,0.2796691060066223,"[20,40)","[0.25,0.40)"
case_00503,detection,false_positive,car,46.06904705804152,0.27642622590065,"[40,+inf)","[0.25,0.40)"
case_00504,detection,false_positive,truck,46.931250129681075,0.5677723288536072,"[40,+inf)","[0.40,0.60)"
case_00505,detection,false_positive,barrier,13.327381540539486,0.4412677586078644,"[10,20)","[0.40,0.60)"
case_00506,detection,false_positive,barrier,17.13186477893171,0.4174407124519348,"[10,20)","[0.40,0.60)"
case_00507,detection,false_positive,barrier,16.691026336965976,0.3763134479522705,"[10,20)","[0.25,0.40)"
case_00508,detection,false_positive,barrier,24.584423079312742,0.37619173526763916,"[20,40)","[0.25,0.40)"
case_00509,detection,false_positive,barrier,19.540848618626438,0.3741503357887268,"[10,20)","[0.25,0.40)"
case_00510,detection,false_positive,bicycle,26.67190391312064,0.29916656017303467,"[20,40)","[0.25,0.40)"
case_00511,detection,false_positive,bicycle,38.85951977003439,0.29698434472084045,"[20,40)","[0.25,0.40)"
case_00512,detection,false_positive,pedestrian,24.103615047354104,0.6748257875442505,"[20,40)","[0.60,0.80)"
case_00513,detection,false_positive,pedestrian,21.699703684498452,0.5649359226226807,"[20,40)","[0.40,0.60)"
case_00514,detection,false_positive,pedestrian,23.64205358247643,0.5563204884529114,"[20,40)","[0.40,0.60)"
case_00515,detection,false_positive,pedestrian,15.76419514857153,0.5160502791404724,"[10,20)","[0.40,0.60)"
case_00516,detection,false_positive,traffic_cone,24.420267135922593,0.452279269695282,"[20,40)","[0.40,0.60)"
case_00517,detection,false_positive,pedestrian,16.154118686007166,0.412549763917923,"[10,20)","[0.40,0.60)"
case_00518,detection,false_positive,pedestrian,21.990408558120848,0.4019443094730377,"[20,40)","[0.40,0.60)"
case_00519,detection,false_positive,traffic_cone,25.650319089626684,0.38299158215522766,"[20,40)","[0.25,0.40)"
case_00520,detection,false_positive,pedestrian,39.0689954381752,0.37272658944129944,"[20,40)","[0.25,0.40)"
case_00521,detection,false_positive,pedestrian,14.505025004875714,0.37017321586608887,"[10,20)","[0.25,0.40)"
case_00522,detection,false_positive,traffic_cone,12.757759717507499,0.36451616883277893,"[10,20)","[0.25,0.40)"
case_00523,detection,false_positive,pedestrian,39.43961208164358,0.334031879901886,"[20,40)","[0.25,0.40)"
case_00524,detection,false_positive,pedestrian,25.120505220765427,0.31837326288223267,"[20,40)","[0.25,0.40)"
case_00525,detection,false_positive,pedestrian,21.73205529492085,0.31462135910987854,"[20,40)","[0.25,0.40)"
case_00526,detection,false_positive,traffic_cone,14.685772682276308,0.2909998893737793,"[10,20)","[0.25,0.40)"
case_00527,detection,false_positive,pedestrian,12.334367596734065,0.28352051973342896,"[10,20)","[0.25,0.40)"
case_00528,detection,false_positive,traffic_cone,24.466526201327067,0.2826077938079834,"[20,40)","[0.25,0.40)"
case_00529,detection,false_positive,pedestrian,29.182248461931735,0.2818123400211334,"[20,40)","[0.25,0.40)"
case_00530,detection,false_positive,pedestrian,14.21028663925427,0.2728809714317322,"[10,20)","[0.25,0.40)"
case_00531,detection,false_positive,pedestrian,26.776613009031912,0.2716549336910248,"[20,40)","[0.25,0.40)"
case_00532,detection,false_positive,pedestrian,27.470828514557713,0.2647886574268341,"[20,40)","[0.25,0.40)"
case_00533,detection,false_positive,pedestrian,16.756386205068043,0.2570880055427551,"[10,20)","[0.25,0.40)"
case_00534,detection,false_positive,pedestrian,29.272707390185037,0.25666457414627075,"[20,40)","[0.25,0.40)"
case_00535,detection,false_positive,traffic_cone,26.619547141025826,0.25331348180770874,"[20,40)","[0.25,0.40)"
case_00536,detection,center_error_over_1m,traffic_cone,24.444049510787384,0.4869558811187744,"[20,40)","[0.40,0.60)"
case_00537,detection,center_error_over_1m,traffic_cone,15.970467883865533,0.36413583159446716,"[10,20)","[0.25,0.40)"
case_00538,detection,center_error_over_1m,pedestrian,29.25071995640495,0.2853575646877289,"[20,40)","[0.25,0.40)"
case_00539,detection,false_negative,traffic_cone,16.902293737950284,,"[10,20)",N/A (FN)
case_00540,detection,false_negative,barrier,17.421441900103662,,"[10,20)",N/A (FN)
case_00541,detection,false_negative,car,37.13630000502273,,"[20,40)",N/A (FN)
case_00542,detection,false_negative,traffic_cone,22.284750987934007,,"[20,40)",N/A (FN)
case_00543,detection,false_positive,car,44.31518458571625,0.34527140855789185,"[40,+inf)","[0.25,0.40)"
case_00544,detection,false_positive,car,42.79055116633213,0.3447646200656891,"[40,+inf)","[0.25,0.40)"
case_00545,detection,false_positive,car,47.38608822156598,0.34015199542045593,"[40,+inf)","[0.25,0.40)"
case_00546,detection,false_positive,car,26.30789223473387,0.28793397545814514,"[20,40)","[0.25,0.40)"
case_00547,detection,false_positive,car,44.632215287388384,0.2661897838115692,"[40,+inf)","[0.25,0.40)"
case_00548,detection,false_positive,car,41.77159978010343,0.25294241309165955,"[40,+inf)","[0.25,0.40)"
case_00549,detection,false_positive,construction_vehicle,42.35936798024906,0.3817881643772125,"[40,+inf)","[0.25,0.40)"
case_00550,detection,false_positive,truck,49.173413951950906,0.308775395154953,"[40,+inf)","[0.25,0.40)"
case_00551,detection,false_positive,construction_vehicle,36.32096320367659,0.28402337431907654,"[20,40)","[0.25,0.40)"
case_00552,detection,false_positive,barrier,18.259120475291457,0.5170815587043762,"[10,20)","[0.40,0.60)"
case_00553,detection,false_positive,barrier,20.959866283600714,0.4136108160018921,"[20,40)","[0.40,0.60)"
case_00554,detection,false_positive,barrier,18.79719765756349,0.3747905194759369,"[10,20)","[0.25,0.40)"
case_00555,detection,false_positive,barrier,26.768526126228718,0.30575552582740784,"[20,40)","[0.25,0.40)"
case_00556,detection,false_positive,barrier,13.046634963200967,0.30462539196014404,"[10,20)","[0.25,0.40)"
case_00557,detection,false_positive,barrier,14.684360748842648,0.2719894349575043,"[10,20)","[0.25,0.40)"
case_00558,detection,false_positive,barrier,14.999128452456434,0.25339624285697937,"[10,20)","[0.25,0.40)"
case_00559,detection,false_positive,motorcycle,23.18674995397319,0.5312787294387817,"[20,40)","[0.40,0.60)"
case_00560,detection,false_positive,bicycle,13.201684908797034,0.3728688359260559,"[10,20)","[0.25,0.40)"
case_00561,detection,false_positive,pedestrian,25.25599429642652,0.7014685273170471,"[20,40)","[0.60,0.80)"
case_00562,detection,false_positive,pedestrian,19.321620518145703,0.4763948321342468,"[10,20)","[0.40,0.60)"
case_00563,detection,false_positive,pedestrian,26.848286720431826,0.37218427658081055,"[20,40)","[0.25,0.40)"
case_00564,detection,false_positive,pedestrian,31.014227022835858,0.36657044291496277,"[20,40)","[0.25,0.40)"
case_00565,detection,false_positive,pedestrian,16.89642990819393,0.3569011986255646,"[10,20)","[0.25,0.40)"
case_00566,detection,false_positive,pedestrian,16.770969972923407,0.3533650040626526,"[10,20)","[0.25,0.40)"
case_00567,detection,false_positive,pedestrian,30.251052468594864,0.3440554738044739,"[20,40)","[0.25,0.40)"
case_00568,detection,false_positive,pedestrian,24.84007029404755,0.32618775963783264,"[20,40)","[0.25,0.40)"
case_00569,detection,false_positive,pedestrian,25.586177405152387,0.3248348534107208,"[20,40)","[0.25,0.40)"
case_00570,detection,false_positive,pedestrian,16.13680792263984,0.3167172372341156,"[10,20)","[0.25,0.40)"
case_00571,detection,false_positive,pedestrian,21.30393510924262,0.2905808985233307,"[20,40)","[0.25,0.40)"
case_00572,detection,false_positive,pedestrian,12.691602462129266,0.2703116238117218,"[10,20)","[0.25,0.40)"
case_00573,detection,false_positive,traffic_cone,14.470782867013664,0.26298075914382935,"[10,20)","[0.25,0.40)"
case_00574,detection,false_positive,traffic_cone,26.615573724596086,0.2518368661403656,"[20,40)","[0.25,0.40)"
case_00575,detection,center_error_over_1m,truck,42.710315360652146,0.5714068412780762,"[40,+inf)","[0.40,0.60)"
case_00576,detection,center_error_over_1m,construction_vehicle,44.137402362918166,0.5436112284660339,"[40,+inf)","[0.40,0.60)"
case_00577,detection,center_error_over_1m,traffic_cone,26.693435885586812,0.2861914336681366,"[20,40)","[0.25,0.40)"
case_00578,detection,false_negative,barrier,19.253043388589113,,"[10,20)",N/A (FN)
case_00579,detection,false_negative,traffic_cone,26.647636563275764,,"[20,40)",N/A (FN)
case_00580,detection,false_negative,pedestrian,32.57779641268922,,"[20,40)",N/A (FN)
case_00581,detection,false_negative,traffic_cone,19.823772859297527,,"[10,20)",N/A (FN)
case_00582,detection,false_positive,car,42.52816854033741,0.2858905792236328,"[40,+inf)","[0.25,0.40)"
case_00583,detection,false_positive,car,41.3883768611575,0.2638615369796753,"[40,+inf)","[0.25,0.40)"
case_00584,detection,false_positive,barrier,9.033272098854843,0.5320689082145691,"[0,10)","[0.40,0.60)"
case_00585,detection,false_positive,barrier,16.519809971628693,0.46717554330825806,"[10,20)","[0.40,0.60)"
case_00586,detection,false_positive,barrier,20.630268848145256,0.3736477792263031,"[20,40)","[0.25,0.40)"
case_00587,detection,false_positive,barrier,11.995656643703965,0.34531858563423157,"[10,20)","[0.25,0.40)"
case_00588,detection,false_positive,barrier,28.97481268497058,0.3320254683494568,"[20,40)","[0.25,0.40)"
case_00589,detection,false_positive,motorcycle,20.954459492238207,0.5412065982818604,"[20,40)","[0.40,0.60)"
case_00590,detection,false_positive,bicycle,24.289717053942287,0.37132763862609863,"[20,40)","[0.25,0.40)"
case_00591,detection,false_positive,bicycle,28.598373042830026,0.3100072741508484,"[20,40)","[0.25,0.40)"
case_00592,detection,false_positive,motorcycle,34.90310044500886,0.28402793407440186,"[20,40)","[0.25,0.40)"
case_00593,detection,false_positive,bicycle,22.200495301769767,0.2743084132671356,"[20,40)","[0.25,0.40)"
case_00594,detection,false_positive,bicycle,22.591441276078264,0.2564353346824646,"[20,40)","[0.25,0.40)"
case_00595,detection,false_positive,bicycle,27.218100428393992,0.25425827503204346,"[20,40)","[0.25,0.40)"
case_00596,detection,false_positive,pedestrian,19.94610658744793,0.6810581088066101,"[10,20)","[0.60,0.80)"
case_00597,detection,false_positive,pedestrian,20.485224417210492,0.6807126998901367,"[20,40)","[0.60,0.80)"
case_00598,detection,false_positive,pedestrian,26.45936878426432,0.664309561252594,"[20,40)","[0.60,0.80)"
case_00599,detection,false_positive,traffic_cone,9.502784561610545,0.5897926092147827,"[0,10)","[0.40,0.60)"
case_00600,detection,false_positive,pedestrian,10.775907259195801,0.5845043659210205,"[10,20)","[0.40,0.60)"
case_00601,detection,false_positive,traffic_cone,29.48143516786131,0.4618728756904602,"[20,40)","[0.40,0.60)"
case_00602,detection,false_positive,traffic_cone,28.78107087830948,0.43618375062942505,"[20,40)","[0.40,0.60)"
case_00603,detection,false_positive,pedestrian,27.6839219515886,0.3823673129081726,"[20,40)","[0.25,0.40)"
case_00604,detection,false_positive,pedestrian,26.695385137632773,0.35149362683296204,"[20,40)","[0.25,0.40)"
case_00605,detection,false_positive,traffic_cone,23.135985081178813,0.3450384736061096,"[20,40)","[0.25,0.40)"
case_00606,detection,false_positive,pedestrian,25.81096971177367,0.34337615966796875,"[20,40)","[0.25,0.40)"
case_00607,detection,false_positive,pedestrian,10.649779294504844,0.3403465747833252,"[10,20)","[0.25,0.40)"
case_00608,detection,false_positive,traffic_cone,11.137883825060586,0.33921900391578674,"[10,20)","[0.25,0.40)"
case_00609,detection,false_positive,traffic_cone,24.26641014621809,0.33703768253326416,"[20,40)","[0.25,0.40)"
case_00610,detection,false_positive,pedestrian,26.09282916698516,0.3253350853919983,"[20,40)","[0.25,0.40)"
case_00611,detection,false_positive,pedestrian,10.665572192439884,0.3197472393512726,"[10,20)","[0.25,0.40)"
case_00612,detection,false_positive,pedestrian,29.24683366597041,0.3111424446105957,"[20,40)","[0.25,0.40)"
case_00613,detection,false_positive,pedestrian,11.181025499977778,0.3006156086921692,"[10,20)","[0.25,0.40)"
case_00614,detection,false_positive,pedestrian,11.678532331685433,0.29179301857948303,"[10,20)","[0.25,0.40)"
case_00615,detection,false_positive,pedestrian,12.654243021635644,0.2842131555080414,"[10,20)","[0.25,0.40)"
case_00616,detection,false_positive,pedestrian,27.363266711784053,0.2741871476173401,"[20,40)","[0.25,0.40)"
case_00617,detection,false_positive,pedestrian,9.610528520942257,0.26352712512016296,"[0,10)","[0.25,0.40)"
case_00618,detection,false_positive,pedestrian,14.775095927117427,0.2536536753177643,"[10,20)","[0.25,0.40)"
case_00619,detection,center_error_over_1m,pedestrian,26.393459946448207,0.6716395616531372,"[20,40)","[0.60,0.80)"
case_00620,detection,center_error_over_1m,traffic_cone,9.351889283062937,0.6361759305000305,"[0,10)","[0.60,0.80)"
case_00621,detection,false_negative,car,40.600598499976456,,"[40,+inf)",N/A (FN)
case_00622,detection,false_positive,car,32.43149449501393,0.30436766147613525,"[20,40)","[0.25,0.40)"
case_00623,detection,false_positive,car,16.494669668297355,0.2509693205356598,"[10,20)","[0.25,0.40)"
case_00624,detection,false_positive,truck,48.5573742416742,0.2661610245704651,"[40,+inf)","[0.25,0.40)"
case_00625,detection,false_positive,truck,47.30826886610956,0.25388216972351074,"[40,+inf)","[0.25,0.40)"
case_00626,detection,false_positive,trailer,21.950263474719154,0.3340490758419037,"[20,40)","[0.25,0.40)"
case_00627,detection,false_positive,barrier,17.13645141269459,0.29563573002815247,"[10,20)","[0.25,0.40)"
case_00628,detection,false_positive,barrier,14.017067749987508,0.28923362493515015,"[10,20)","[0.25,0.40)"
case_00629,detection,false_positive,barrier,14.788496020561036,0.2567409574985504,"[10,20)","[0.25,0.40)"
case_00630,detection,false_positive,barrier,28.29237656267878,0.2535514235496521,"[20,40)","[0.25,0.40)"
case_00631,detection,false_positive,barrier,15.763733904486724,0.25192388892173767,"[10,20)","[0.25,0.40)"
case_00632,detection,false_positive,bicycle,34.220222133602334,0.28186604380607605,"[20,40)","[0.25,0.40)"
case_00633,detection,false_positive,motorcycle,36.921167842376946,0.2748725414276123,"[20,40)","[0.25,0.40)"
case_00634,detection,false_positive,pedestrian,27.66790028933063,0.6683664917945862,"[20,40)","[0.60,0.80)"
case_00635,detection,false_positive,pedestrian,15.582532326965003,0.6444339156150818,"[10,20)","[0.60,0.80)"
case_00636,detection,false_positive,traffic_cone,11.393336699311801,0.6079158782958984,"[10,20)","[0.60,0.80)"
case_00637,detection,false_positive,traffic_cone,20.58024311844331,0.5862158536911011,"[20,40)","[0.40,0.60)"
case_00638,detection,false_positive,pedestrian,27.978640430057453,0.5773476362228394,"[20,40)","[0.40,0.60)"
case_00639,detection,false_positive,pedestrian,30.99041124413278,0.46352845430374146,"[20,40)","[0.40,0.60)"
case_00640,detection,false_positive,traffic_cone,10.113746438313811,0.436217725276947,"[10,20)","[0.40,0.60)"
case_00641,detection,false_positive,pedestrian,34.388626574966146,0.425942987203598,"[20,40)","[0.40,0.60)"
case_00642,detection,false_positive,traffic_cone,21.919623258252695,0.3822682797908783,"[20,40)","[0.25,0.40)"
case_00643,detection,false_positive,traffic_cone,20.932644127618705,0.37547650933265686,"[20,40)","[0.25,0.40)"
case_00644,detection,false_positive,pedestrian,8.540684106246287,0.36800616979599,"[0,10)","[0.25,0.40)"
case_00645,detection,false_positive,traffic_cone,24.72923178623375,0.3462945520877838,"[20,40)","[0.25,0.40)"
case_00646,detection,false_positive,traffic_cone,28.51971725668713,0.2983066439628601,"[20,40)","[0.25,0.40)"
case_00647,detection,false_positive,pedestrian,16.131013673406283,0.2692541480064392,"[10,20)","[0.25,0.40)"
case_00648,detection,false_positive,pedestrian,19.922351611573767,0.267243891954422,"[10,20)","[0.25,0.40)"
case_00649,detection,false_positive,pedestrian,13.271278008981897,0.26321446895599365,"[10,20)","[0.25,0.40)"
case_00650,detection,false_positive,pedestrian,9.96798425631687,0.2547653317451477,"[0,10)","[0.25,0.40)"
case_00651,detection,center_error_over_1m,construction_vehicle,43.46790777773789,0.37023332715034485,"[40,+inf)","[0.25,0.40)"
case_00652,detection,center_error_over_1m,pedestrian,35.220444142623556,0.2739301919937134,"[20,40)","[0.25,0.40)"
case_00653,detection,false_negative,pedestrian,39.746665688915975,,"[20,40)",N/A (FN)
case_00654,detection,false_negative,barrier,23.451343785510026,,"[20,40)",N/A (FN)
case_00655,detection,false_positive,car,36.281621085696,0.36777377128601074,"[20,40)","[0.25,0.40)"
case_00656,detection,false_positive,car,47.96143697379576,0.29698270559310913,"[40,+inf)","[0.25,0.40)"
case_00657,detection,false_positive,car,18.569388779856673,0.2602863013744354,"[10,20)","[0.25,0.40)"
case_00658,detection,false_positive,car,31.625795684727045,0.2568075656890869,"[20,40)","[0.25,0.40)"
case_00659,detection,false_positive,truck,43.06869395080366,0.29079145193099976,"[40,+inf)","[0.25,0.40)"
case_00660,detection,false_positive,barrier,13.192085547719115,0.45814937353134155,"[10,20)","[0.40,0.60)"
case_00661,detection,false_positive,barrier,10.875312442045606,0.3087887465953827,"[10,20)","[0.25,0.40)"
case_00662,detection,false_positive,bicycle,24.098720299779103,0.37347134947776794,"[20,40)","[0.25,0.40)"
case_00663,detection,false_positive,motorcycle,34.60341334542363,0.3588331639766693,"[20,40)","[0.25,0.40)"
case_00664,detection,false_positive,motorcycle,35.431748072524584,0.35659682750701904,"[20,40)","[0.25,0.40)"
case_00665,detection,false_positive,bicycle,37.97614847896885,0.3153059482574463,"[20,40)","[0.25,0.40)"
case_00666,detection,false_positive,bicycle,37.27846539426143,0.29960528016090393,"[20,40)","[0.25,0.40)"
case_00667,detection,false_positive,bicycle,30.1237602791658,0.2702740728855133,"[20,40)","[0.25,0.40)"
case_00668,detection,false_positive,pedestrian,20.199615137732057,0.7339215874671936,"[20,40)","[0.60,0.80)"
case_00669,detection,false_positive,pedestrian,29.535518341894633,0.6793127059936523,"[20,40)","[0.60,0.80)"
case_00670,detection,false_positive,pedestrian,19.819437569730106,0.6010235548019409,"[10,20)","[0.60,0.80)"
case_00671,detection,false_positive,traffic_cone,18.76530250329388,0.46970829367637634,"[10,20)","[0.40,0.60)"
case_00672,detection,false_positive,pedestrian,36.86884164160564,0.45463162660598755,"[20,40)","[0.40,0.60)"
case_00673,detection,false_positive,pedestrian,12.62221041743236,0.4433126151561737,"[10,20)","[0.40,0.60)"
case_00674,detection,false_positive,pedestrian,10.916259394501253,0.4169098138809204,"[10,20)","[0.40,0.60)"
case_00675,detection,false_positive,pedestrian,36.64749072473793,0.3925590515136719,"[20,40)","[0.25,0.40)"
case_00676,detection,false_positive,pedestrian,30.13804159838739,0.360465407371521,"[20,40)","[0.25,0.40)"
case_00677,detection,false_positive,traffic_cone,24.41599652390719,0.360282838344574,"[20,40)","[0.25,0.40)"
case_00678,detection,false_positive,pedestrian,30.954184730380113,0.33914440870285034,"[20,40)","[0.25,0.40)"
case_00679,detection,false_positive,pedestrian,36.70032236725834,0.30584684014320374,"[20,40)","[0.25,0.40)"
case_00680,detection,false_positive,pedestrian,9.29008074101296,0.29634711146354675,"[0,10)","[0.25,0.40)"
case_00681,detection,center_error_over_1m,pedestrian,20.270569335105993,0.7615540623664856,"[20,40)","[0.60,0.80)"
case_00682,detection,center_error_over_1m,barrier,13.462617674210865,0.639406144618988,"[10,20)","[0.60,0.80)"
case_00683,detection,center_error_over_1m,car,45.09807206715618,0.594840407371521,"[40,+inf)","[0.40,0.60)"
case_00684,detection,false_negative,pedestrian,25.160663647205386,,"[20,40)",N/A (FN)
case_00685,detection,false_negative,barrier,29.8081514285373,,"[20,40)",N/A (FN)
case_00686,detection,false_negative,construction_vehicle,44.0654253671632,,"[40,+inf)",N/A (FN)
case_00687,detection,false_positive,car,39.822964737862264,0.27493953704833984,"[20,40)","[0.25,0.40)"
case_00688,detection,false_positive,construction_vehicle,44.6194669669722,0.2580178678035736,"[40,+inf)","[0.25,0.40)"
case_00689,detection,false_positive,barrier,25.741564356149787,0.47347506880760193,"[20,40)","[0.40,0.60)"
case_00690,detection,false_positive,barrier,12.136053333479662,0.40807974338531494,"[10,20)","[0.40,0.60)"
case_00691,detection,false_positive,barrier,26.594198563635004,0.32014694809913635,"[20,40)","[0.25,0.40)"
case_00692,detection,false_positive,barrier,9.667453165685224,0.31425973773002625,"[0,10)","[0.25,0.40)"
case_00693,detection,false_positive,bicycle,37.17380029023183,0.32558536529541016,"[20,40)","[0.25,0.40)"
case_00694,detection,false_positive,bicycle,31.141441655601675,0.3179919123649597,"[20,40)","[0.25,0.40)"
case_00695,detection,false_positive,pedestrian,37.26916264371149,0.6812135577201843,"[20,40)","[0.60,0.80)"
case_00696,detection,false_positive,pedestrian,31.564023966833037,0.643562912940979,"[20,40)","[0.60,0.80)"
case_00697,detection,false_positive,pedestrian,31.169198490017756,0.6401980519294739,"[20,40)","[0.60,0.80)"
case_00698,detection,false_positive,traffic_cone,20.574728990162942,0.6105385422706604,"[20,40)","[0.60,0.80)"
case_00699,detection,false_positive,pedestrian,12.567697588826427,0.5943002700805664,"[10,20)","[0.40,0.60)"
case_00700,detection,false_positive,pedestrian,16.39481177833269,0.5022103786468506,"[10,20)","[0.40,0.60)"
case_00701,detection,false_positive,pedestrian,33.66532490142536,0.4831832945346832,"[20,40)","[0.40,0.60)"
case_00702,detection,false_positive,traffic_cone,27.82463454079585,0.4709576964378357,"[20,40)","[0.40,0.60)"
case_00703,detection,false_positive,pedestrian,38.81235203648802,0.456943541765213,"[20,40)","[0.40,0.60)"
case_00704,detection,false_positive,pedestrian,20.321013785369516,0.4505663216114044,"[20,40)","[0.40,0.60)"
case_00705,detection,false_positive,pedestrian,8.79675259825394,0.40972900390625,"[0,10)","[0.40,0.60)"
case_00706,detection,false_positive,pedestrian,38.02853992777302,0.4045816957950592,"[20,40)","[0.40,0.60)"
case_00707,detection,false_positive,pedestrian,39.06376972451463,0.3815845847129822,"[20,40)","[0.25,0.40)"
case_00708,detection,false_positive,pedestrian,38.08688140717552,0.37270644307136536,"[20,40)","[0.25,0.40)"
case_00709,detection,false_positive,pedestrian,32.5286953898021,0.35775113105773926,"[20,40)","[0.25,0.40)"
case_00710,detection,false_positive,traffic_cone,9.848478409187363,0.3397212624549866,"[0,10)","[0.25,0.40)"
case_00711,detection,false_positive,pedestrian,38.398398471728356,0.3369508981704712,"[20,40)","[0.25,0.40)"
case_00712,detection,false_positive,pedestrian,34.33641720552348,0.30345767736434937,"[20,40)","[0.25,0.40)"
case_00713,detection,false_positive,pedestrian,32.02346569754921,0.2955891191959381,"[20,40)","[0.25,0.40)"
case_00714,detection,false_positive,traffic_cone,26.585657851290843,0.2833501696586609,"[20,40)","[0.25,0.40)"
case_00715,detection,false_positive,pedestrian,11.056082952843969,0.2714877426624298,"[10,20)","[0.25,0.40)"
case_00716,detection,false_positive,pedestrian,19.77242993437678,0.2679544687271118,"[10,20)","[0.25,0.40)"
case_00717,detection,center_error_over_1m,pedestrian,33.55755530026777,0.7320994138717651,"[20,40)","[0.60,0.80)"
case_00718,detection,center_error_over_1m,truck,49.18111425757964,0.5491984486579895,"[40,+inf)","[0.40,0.60)"
case_00719,detection,false_negative,construction_vehicle,44.81447999229478,,"[40,+inf)",N/A (FN)
case_00720,detection,false_negative,traffic_cone,12.63411552202865,,"[10,20)",N/A (FN)
case_00721,detection,false_positive,car,43.41493630323308,0.5579250454902649,"[40,+inf)","[0.40,0.60)"
case_00722,detection,false_positive,truck,49.7842179413386,0.6473303437232971,"[40,+inf)","[0.60,0.80)"
case_00723,detection,false_positive,truck,44.24277165707219,0.265543669462204,"[40,+inf)","[0.25,0.40)"
case_00724,detection,false_positive,barrier,12.736585699315425,0.4415226876735687,"[10,20)","[0.40,0.60)"
case_00725,detection,false_positive,barrier,27.443840841390955,0.4025106132030487,"[20,40)","[0.40,0.60)"
case_00726,detection,false_positive,barrier,12.274464483092991,0.297995924949646,"[10,20)","[0.25,0.40)"
case_00727,detection,false_positive,barrier,11.609663483675732,0.2627926766872406,"[10,20)","[0.25,0.40)"
case_00728,detection,false_positive,motorcycle,20.10715661760816,0.38337889313697815,"[20,40)","[0.25,0.40)"
case_00729,detection,false_positive,bicycle,37.180451875226524,0.26369649171829224,"[20,40)","[0.25,0.40)"
case_00730,detection,false_positive,pedestrian,34.269563472090546,0.607904851436615,"[20,40)","[0.60,0.80)"
case_00731,detection,false_positive,pedestrian,33.596544537071374,0.5114345550537109,"[20,40)","[0.40,0.60)"
case_00732,detection,false_positive,pedestrian,12.22508158717349,0.4986189603805542,"[10,20)","[0.40,0.60)"
case_00733,detection,false_positive,pedestrian,39.949725166907726,0.47685059905052185,"[20,40)","[0.40,0.60)"
case_00734,detection,false_positive,traffic_cone,25.639107726918187,0.45635002851486206,"[20,40)","[0.40,0.60)"
case_00735,detection,false_positive,traffic_cone,28.73566449316171,0.4553605318069458,"[20,40)","[0.40,0.60)"
case_00736,detection,false_positive,traffic_cone,10.785383716868342,0.41030704975128174,"[10,20)","[0.40,0.60)"
case_00737,detection,false_positive,pedestrian,33.5101750724575,0.32896557450294495,"[20,40)","[0.25,0.40)"
case_00738,detection,false_positive,pedestrian,12.954663582343626,0.2988985776901245,"[10,20)","[0.25,0.40)"
case_00739,detection,false_positive,pedestrian,17.791505772693462,0.2779076099395752,"[10,20)","[0.25,0.40)"
case_00740,detection,false_positive,pedestrian,35.82258597885645,0.276522696018219,"[20,40)","[0.25,0.40)"
case_00741,detection,center_error_over_1m,pedestrian,34.17367239888855,0.6169372797012329,"[20,40)","[0.60,0.80)"
case_00742,detection,false_negative,pedestrian,9.76716815592856,,"[0,10)",N/A (FN)
case_00743,detection,false_negative,car,45.06051625250051,,"[40,+inf)",N/A (FN)
case_00744,detection,false_negative,pedestrian,32.316520875241636,,"[20,40)",N/A (FN)
case_00745,detection,false_negative,bicycle,33.33827145664315,,"[20,40)",N/A (FN)
case_00746,detection,false_positive,car,43.60235804161591,0.2882307469844818,"[40,+inf)","[0.25,0.40)"
case_00747,detection,false_positive,car,43.52696342280825,0.28770503401756287,"[40,+inf)","[0.25,0.40)"
case_00748,detection,false_positive,truck,43.718156863363724,0.3676328957080841,"[40,+inf)","[0.25,0.40)"
case_00749,detection,false_positive,construction_vehicle,44.103228547103264,0.26772212982177734,"[40,+inf)","[0.25,0.40)"
case_00750,detection,false_positive,truck,49.862388683327666,0.2653282582759857,"[40,+inf)","[0.25,0.40)"
case_00751,detection,false_positive,barrier,14.587305767429765,0.5538820624351501,"[10,20)","[0.40,0.60)"
case_00752,detection,false_positive,barrier,29.944207295589422,0.43145594000816345,"[20,40)","[0.40,0.60)"
case_00753,detection,false_positive,barrier,11.672800683594225,0.39369887113571167,"[10,20)","[0.25,0.40)"
case_00754,detection,false_positive,barrier,13.275277779236054,0.3714093863964081,"[10,20)","[0.25,0.40)"
case_00755,detection,false_positive,barrier,15.13895402272757,0.34164121747016907,"[10,20)","[0.25,0.40)"
case_00756,detection,false_positive,barrier,10.925022528591047,0.2989163398742676,"[10,20)","[0.25,0.40)"
case_00757,detection,false_positive,barrier,10.982127605196638,0.29713210463523865,"[10,20)","[0.25,0.40)"
case_00758,detection,false_positive,barrier,14.18243475500878,0.2626188397407532,"[10,20)","[0.25,0.40)"
case_00759,detection,false_positive,bicycle,19.526857026283004,0.33485904335975647,"[10,20)","[0.25,0.40)"
case_00760,detection,false_positive,bicycle,34.83803755132997,0.2995503544807434,"[20,40)","[0.25,0.40)"
case_00761,detection,false_positive,traffic_cone,20.113857522281656,0.5248323082923889,"[20,40)","[0.40,0.60)"
case_00762,detection,false_positive,pedestrian,35.533336305637754,0.5196200013160706,"[20,40)","[0.40,0.60)"
case_00763,detection,false_positive,pedestrian,21.593188387340817,0.5093108415603638,"[20,40)","[0.40,0.60)"
case_00764,detection,false_positive,pedestrian,13.863441946396991,0.48838067054748535,"[10,20)","[0.40,0.60)"
case_00765,detection,false_positive,pedestrian,12.493925709886529,0.3873894512653351,"[10,20)","[0.25,0.40)"
case_00766,detection,false_positive,traffic_cone,28.029331467611282,0.35842081904411316,"[20,40)","[0.25,0.40)"
case_00767,detection,false_positive,pedestrian,14.232003446869843,0.35750871896743774,"[10,20)","[0.25,0.40)"
case_00768,detection,false_positive,pedestrian,37.6475755349309,0.34795644879341125,"[20,40)","[0.25,0.40)"
case_00769,detection,false_positive,pedestrian,35.687706549710974,0.33595454692840576,"[20,40)","[0.25,0.40)"
case_00770,detection,false_positive,pedestrian,18.699654425340732,0.3265455663204193,"[10,20)","[0.25,0.40)"
case_00771,detection,false_positive,pedestrian,11.874609030233144,0.3101417124271393,"[10,20)","[0.25,0.40)"
case_00772,detection,false_positive,pedestrian,39.552904134872485,0.29916489124298096,"[20,40)","[0.25,0.40)"
case_00773,detection,false_positive,pedestrian,11.701565368030174,0.2981398105621338,"[10,20)","[0.25,0.40)"
case_00774,detection,false_positive,traffic_cone,28.137016390646796,0.2657526433467865,"[20,40)","[0.25,0.40)"
case_00775,detection,false_positive,pedestrian,36.70760791274565,0.2525768578052521,"[20,40)","[0.25,0.40)"
case_00776,detection,center_error_over_1m,pedestrian,14.15419822006123,0.5102426409721375,"[10,20)","[0.40,0.60)"
case_00777,detection,false_negative,barrier,15.595140443712646,,"[10,20)",N/A (FN)
case_00778,detection,false_positive,car,41.68280047931503,0.3559481203556061,"[40,+inf)","[0.25,0.40)"
case_00779,detection,false_positive,car,45.30949368725796,0.3360068202018738,"[40,+inf)","[0.25,0.40)"
case_00780,detection,false_positive,truck,41.73827457598887,0.33415696024894714,"[40,+inf)","[0.25,0.40)"
case_00781,detection,false_positive,barrier,14.975971825358851,0.40143564343452454,"[10,20)","[0.40,0.60)"
case_00782,detection,false_positive,barrier,14.584317698183046,0.3259575366973877,"[10,20)","[0.25,0.40)"
case_00783,detection,false_positive,barrier,15.886232691668043,0.26751211285591125,"[10,20)","[0.25,0.40)"
case_00784,detection,false_positive,pedestrian,15.596130424299144,0.7617783546447754,"[10,20)","[0.60,0.80)"
case_00785,detection,false_positive,pedestrian,37.36764528597783,0.5913283824920654,"[20,40)","[0.40,0.60)"
case_00786,detection,false_positive,pedestrian,15.837812374215188,0.5506762862205505,"[10,20)","[0.40,0.60)"
case_00787,detection,false_positive,pedestrian,10.745544140594689,0.5155224800109863,"[10,20)","[0.40,0.60)"
case_00788,detection,false_positive,traffic_cone,28.36878312842565,0.4589534401893616,"[20,40)","[0.40,0.60)"
case_00789,detection,false_positive,pedestrian,14.098000785290285,0.37486791610717773,"[10,20)","[0.25,0.40)"
case_00790,detection,false_positive,traffic_cone,29.664410880309912,0.3523540496826172,"[20,40)","[0.25,0.40)"
case_00791,detection,false_positive,pedestrian,15.088583622333433,0.3470701575279236,"[10,20)","[0.25,0.40)"
case_00792,detection,false_positive,pedestrian,37.803490735403955,0.34144026041030884,"[20,40)","[0.25,0.40)"
case_00793,detection,false_positive,pedestrian,15.687503756021055,0.27820250391960144,"[10,20)","[0.25,0.40)"
case_00794,detection,false_positive,traffic_cone,26.43056455825043,0.2713625133037567,"[20,40)","[0.25,0.40)"
case_00795,detection,false_positive,car,47.01662280686211,0.30269262194633484,"[40,+inf)","[0.25,0.40)"
case_00796,detection,false_positive,car,49.637562088989895,0.2657272219657898,"[40,+inf)","[0.25,0.40)"
case_00797,detection,false_positive,car,39.96321135182165,0.26178985834121704,"[20,40)","[0.25,0.40)"
case_00798,detection,false_positive,barrier,16.443632929443382,0.4239543378353119,"[10,20)","[0.40,0.60)"
case_00799,detection,false_positive,bicycle,24.982738953982874,0.4376257359981537,"[20,40)","[0.40,0.60)"
case_00800,detection,false_positive,traffic_cone,19.942847148284066,0.6455761790275574,"[10,20)","[0.60,0.80)"
case_00801,detection,false_positive,pedestrian,22.121402268985907,0.6103308796882629,"[20,40)","[0.60,0.80)"
case_00802,detection,false_positive,pedestrian,15.62027552188946,0.5523447394371033,"[10,20)","[0.40,0.60)"
case_00803,detection,false_positive,traffic_cone,27.887859507679583,0.467621773481369,"[20,40)","[0.40,0.60)"
case_00804,detection,false_positive,traffic_cone,22.826943562798725,0.46696871519088745,"[20,40)","[0.40,0.60)"
case_00805,detection,false_positive,pedestrian,25.035878234648717,0.4327576160430908,"[20,40)","[0.40,0.60)"
case_00806,detection,false_positive,pedestrian,39.76950055595703,0.3822076618671417,"[20,40)","[0.25,0.40)"
case_00807,detection,false_positive,traffic_cone,24.396469424421067,0.3511140048503876,"[20,40)","[0.25,0.40)"
case_00808,detection,false_positive,pedestrian,16.39134612709669,0.3508613407611847,"[10,20)","[0.25,0.40)"
case_00809,detection,false_positive,traffic_cone,25.184124363112815,0.3459640443325043,"[20,40)","[0.25,0.40)"
case_00810,detection,false_positive,traffic_cone,23.999385061725526,0.33344289660453796,"[20,40)","[0.25,0.40)"
case_00811,detection,false_positive,pedestrian,17.712197749450134,0.31124138832092285,"[10,20)","[0.25,0.40)"
case_00812,detection,false_positive,pedestrian,11.504938163553721,0.30150291323661804,"[10,20)","[0.25,0.40)"
case_00813,detection,false_positive,pedestrian,11.240193652507372,0.27318090200424194,"[10,20)","[0.25,0.40)"
case_00814,detection,false_positive,pedestrian,39.417402824006885,0.25474900007247925,"[20,40)","[0.25,0.40)"
case_00815,detection,center_error_over_1m,pedestrian,39.49109862577691,0.5929549932479858,"[20,40)","[0.40,0.60)"
case_00816,detection,false_negative,truck,47.704894261305874,,"[40,+inf)",N/A (FN)
case_00817,detection,false_positive,car,49.843974108318314,0.397399365901947,"[40,+inf)","[0.25,0.40)"
case_00818,detection,false_positive,car,49.66731796607431,0.3445311188697815,"[40,+inf)","[0.25,0.40)"
case_00819,detection,false_positive,car,48.626966471729006,0.2667560875415802,"[40,+inf)","[0.25,0.40)"
case_00820,detection,false_positive,car,27.85538666329868,0.25598424673080444,"[20,40)","[0.25,0.40)"
case_00821,detection,false_positive,barrier,17.841704118897493,0.44433578848838806,"[10,20)","[0.40,0.60)"
case_00822,detection,false_positive,barrier,11.477718428701136,0.3914411664009094,"[10,20)","[0.25,0.40)"
case_00823,detection,false_positive,traffic_cone,18.598774025573885,0.6570771336555481,"[10,20)","[0.60,0.80)"
case_00824,detection,false_positive,pedestrian,23.843712775620848,0.5741621851921082,"[20,40)","[0.40,0.60)"
case_00825,detection,false_positive,pedestrian,19.181987899938566,0.5055729150772095,"[10,20)","[0.40,0.60)"
case_00826,detection,false_positive,pedestrian,11.85347432616762,0.47883155941963196,"[10,20)","[0.40,0.60)"
case_00827,detection,false_positive,traffic_cone,22.98826581868469,0.4521017074584961,"[20,40)","[0.40,0.60)"
case_00828,detection,false_positive,traffic_cone,22.803078987530323,0.4494374394416809,"[20,40)","[0.40,0.60)"
case_00829,detection,false_positive,traffic_cone,24.052586590550703,0.38534799218177795,"[20,40)","[0.25,0.40)"
case_00830,detection,false_positive,pedestrian,18.04392799559439,0.37752437591552734,"[10,20)","[0.25,0.40)"
case_00831,detection,false_positive,traffic_cone,24.950197571705786,0.36017313599586487,"[20,40)","[0.25,0.40)"
case_00832,detection,false_positive,traffic_cone,25.751619813601682,0.33008772134780884,"[20,40)","[0.25,0.40)"
case_00833,detection,false_positive,traffic_cone,29.402078539235614,0.31981801986694336,"[20,40)","[0.25,0.40)"
case_00834,detection,false_positive,pedestrian,24.723625315995495,0.31378814578056335,"[20,40)","[0.25,0.40)"
case_00835,detection,false_positive,traffic_cone,22.710773247997754,0.2817114591598511,"[20,40)","[0.25,0.40)"
case_00836,detection,false_positive,pedestrian,19.202845058240772,0.2814405858516693,"[10,20)","[0.25,0.40)"
case_00837,detection,false_positive,pedestrian,16.07146567250393,0.27438613772392273,"[10,20)","[0.25,0.40)"
case_00838,detection,false_positive,pedestrian,18.6781015079159,0.2713313102722168,"[10,20)","[0.25,0.40)"
case_00839,detection,center_error_over_1m,traffic_cone,25.263721997209117,0.5466360449790955,"[20,40)","[0.40,0.60)"
case_00840,detection,center_error_over_1m,bicycle,28.279853269719485,0.4108908176422119,"[20,40)","[0.40,0.60)"
case_00841,detection,false_positive,construction_vehicle,49.286720080657545,0.563421368598938,"[40,+inf)","[0.40,0.60)"
case_00842,detection,false_positive,barrier,27.957892476806176,0.477678507566452,"[20,40)","[0.40,0.60)"
case_00843,detection,false_positive,barrier,17.318922735977896,0.4022289216518402,"[10,20)","[0.40,0.60)"
case_00844,detection,false_positive,barrier,18.799880152029477,0.39270979166030884,"[10,20)","[0.25,0.40)"
case_00845,detection,false_positive,barrier,16.6295972386145,0.3689757287502289,"[10,20)","[0.25,0.40)"
case_00846,detection,false_positive,barrier,14.390183689727026,0.30660131573677063,"[10,20)","[0.25,0.40)"
case_00847,detection,false_positive,bicycle,17.305084866272544,0.30743810534477234,"[10,20)","[0.25,0.40)"
case_00848,detection,false_positive,bicycle,35.20974366303736,0.2746664881706238,"[20,40)","[0.25,0.40)"
case_00849,detection,false_positive,traffic_cone,17.471992000154827,0.7478179335594177,"[10,20)","[0.60,0.80)"
case_00850,detection,false_positive,traffic_cone,16.64149293708204,0.6986775994300842,"[10,20)","[0.60,0.80)"
case_00851,detection,false_positive,pedestrian,26.891471667083103,0.6143909692764282,"[20,40)","[0.60,0.80)"
case_00852,detection,false_positive,traffic_cone,22.16250673422533,0.6068077087402344,"[20,40)","[0.60,0.80)"
case_00853,detection,false_positive,traffic_cone,25.101590687526127,0.5954707860946655,"[20,40)","[0.40,0.60)"
case_00854,detection,false_positive,traffic_cone,29.647190878657973,0.48256915807724,"[20,40)","[0.40,0.60)"
case_00855,detection,false_positive,pedestrian,28.02847772375735,0.45381662249565125,"[20,40)","[0.40,0.60)"
case_00856,detection,false_positive,pedestrian,27.20224549654666,0.43551695346832275,"[20,40)","[0.40,0.60)"
case_00857,detection,false_positive,pedestrian,28.43756000919344,0.4074801802635193,"[20,40)","[0.40,0.60)"
case_00858,detection,false_positive,pedestrian,20.026986714616797,0.40029317140579224,"[20,40)","[0.40,0.60)"
case_00859,detection,false_positive,traffic_cone,24.30217941001803,0.3698671758174896,"[20,40)","[0.25,0.40)"
case_00860,detection,false_positive,pedestrian,12.877348450361284,0.35369640588760376,"[10,20)","[0.25,0.40)"
case_00861,detection,false_positive,traffic_cone,21.243080806704185,0.34054243564605713,"[20,40)","[0.25,0.40)"
case_00862,detection,false_positive,traffic_cone,21.618646464095377,0.31312841176986694,"[20,40)","[0.25,0.40)"
case_00863,detection,false_positive,traffic_cone,21.794704445551538,0.3095090985298157,"[20,40)","[0.25,0.40)"
case_00864,detection,false_positive,traffic_cone,21.10081609437488,0.2957838773727417,"[20,40)","[0.25,0.40)"
case_00865,detection,false_positive,traffic_cone,13.050809530337514,0.2936386168003082,"[10,20)","[0.25,0.40)"
case_00866,detection,false_positive,pedestrian,13.708882612439227,0.271934449672699,"[10,20)","[0.25,0.40)"
case_00867,detection,false_positive,traffic_cone,22.856248713851652,0.25506100058555603,"[20,40)","[0.25,0.40)"
case_00868,detection,center_error_over_1m,pedestrian,26.891193567172333,0.6411288976669312,"[20,40)","[0.60,0.80)"
case_00869,detection,center_error_over_1m,barrier,18.78532023321125,0.4445341229438782,"[10,20)","[0.40,0.60)"
case_00870,detection,center_error_over_1m,barrier,14.1003306875342,0.31079810857772827,"[10,20)","[0.25,0.40)"
case_00871,detection,false_negative,bicycle,25.299920610332784,,"[20,40)",N/A (FN)
case_00872,detection,false_negative,pedestrian,27.037032125868095,,"[20,40)",N/A (FN)
case_00873,detection,false_negative,truck,48.88051605042373,,"[40,+inf)",N/A (FN)
case_00874,detection,false_negative,pedestrian,26.910936510395615,,"[20,40)",N/A (FN)
case_00875,detection,false_negative,pedestrian,28.666736160293546,,"[20,40)",N/A (FN)
case_00876,detection,false_positive,car,49.84699786512717,0.369769811630249,"[40,+inf)","[0.25,0.40)"
case_00877,detection,false_positive,barrier,27.086039055521706,0.4766443073749542,"[20,40)","[0.40,0.60)"
case_00878,detection,false_positive,barrier,13.408121529140482,0.441327303647995,"[10,20)","[0.40,0.60)"
case_00879,detection,false_positive,barrier,19.252223116123567,0.33471909165382385,"[10,20)","[0.25,0.40)"
case_00880,detection,false_positive,barrier,17.17846090017786,0.31348443031311035,"[10,20)","[0.25,0.40)"
case_00881,detection,false_positive,motorcycle,29.10977268329771,0.41062793135643005,"[20,40)","[0.40,0.60)"
case_00882,detection,false_positive,traffic_cone,16.591074793994597,0.578915536403656,"[10,20)","[0.40,0.60)"
case_00883,detection,false_positive,traffic_cone,2.377579112588323,0.5278634428977966,"[0,10)","[0.40,0.60)"
case_00884,detection,false_positive,traffic_cone,20.894191542312385,0.3922679126262665,"[20,40)","[0.25,0.40)"
case_00885,detection,false_positive,pedestrian,29.25023633444099,0.3904465138912201,"[20,40)","[0.25,0.40)"
case_00886,detection,false_positive,traffic_cone,29.87710185644799,0.3797859251499176,"[20,40)","[0.25,0.40)"
case_00887,detection,false_positive,pedestrian,21.057225874399833,0.3350415527820587,"[20,40)","[0.25,0.40)"
case_00888,detection,false_positive,traffic_cone,20.20601833519342,0.3220166563987732,"[20,40)","[0.25,0.40)"
case_00889,detection,false_positive,pedestrian,14.38773065385789,0.28843462467193604,"[10,20)","[0.25,0.40)"
case_00890,detection,false_positive,pedestrian,19.717694276696612,0.27266135811805725,"[10,20)","[0.25,0.40)"
case_00891,detection,false_positive,pedestrian,14.071094178444104,0.262457937002182,"[10,20)","[0.25,0.40)"
case_00892,detection,false_positive,pedestrian,26.323704035865976,0.25740039348602295,"[20,40)","[0.25,0.40)"
case_00893,detection,false_positive,traffic_cone,22.531397104086974,0.25419896841049194,"[20,40)","[0.25,0.40)"
case_00894,detection,false_positive,pedestrian,18.97745124989381,0.2530469596385956,"[10,20)","[0.25,0.40)"
case_00895,detection,center_error_over_1m,pedestrian,20.93793698038276,0.5440496802330017,"[20,40)","[0.40,0.60)"
case_00896,detection,center_error_over_1m,barrier,20.803729165685557,0.3720031678676605,"[20,40)","[0.25,0.40)"
case_00897,detection,false_positive,car,41.40302159917025,0.3190644681453705,"[40,+inf)","[0.25,0.40)"
case_00898,detection,false_positive,car,31.644215644808384,0.299445778131485,"[20,40)","[0.25,0.40)"
case_00899,detection,false_positive,construction_vehicle,49.60774445047866,0.27469655871391296,"[40,+inf)","[0.25,0.40)"
case_00900,detection,false_positive,barrier,25.910777142502088,0.4857909381389618,"[20,40)","[0.40,0.60)"
case_00901,detection,false_positive,barrier,14.260155206852335,0.4675551950931549,"[10,20)","[0.40,0.60)"
case_00902,detection,false_positive,barrier,22.067624200358186,0.4468100368976593,"[20,40)","[0.40,0.60)"
case_00903,detection,false_positive,barrier,21.446035174596073,0.39870911836624146,"[20,40)","[0.25,0.40)"
case_00904,detection,false_positive,bicycle,28.677023089781134,0.46493786573410034,"[20,40)","[0.40,0.60)"
case_00905,detection,false_positive,bicycle,33.26903686201035,0.27648434042930603,"[20,40)","[0.25,0.40)"
case_00906,detection,false_positive,traffic_cone,15.555579746754137,0.6818445920944214,"[10,20)","[0.60,0.80)"
case_00907,detection,false_positive,pedestrian,20.956494683703717,0.47932931780815125,"[20,40)","[0.40,0.60)"
case_00908,detection,false_positive,traffic_cone,27.50447832379735,0.45523905754089355,"[20,40)","[0.40,0.60)"
case_00909,detection,false_positive,pedestrian,27.625721229886153,0.4264558255672455,"[20,40)","[0.40,0.60)"
case_00910,detection,false_positive,pedestrian,30.011684847333697,0.40130117535591125,"[20,40)","[0.40,0.60)"
case_00911,detection,false_positive,traffic_cone,26.078417799367582,0.39256682991981506,"[20,40)","[0.25,0.40)"
case_00912,detection,false_positive,traffic_cone,25.09801106905549,0.39157387614250183,"[20,40)","[0.25,0.40)"
case_00913,detection,false_positive,pedestrian,15.503337135366841,0.34063974022865295,"[10,20)","[0.25,0.40)"
case_00914,detection,false_positive,traffic_cone,19.560697118263015,0.3259826898574829,"[10,20)","[0.25,0.40)"
case_00915,detection,false_positive,pedestrian,16.392364870658948,0.3180566728115082,"[10,20)","[0.25,0.40)"
case_00916,detection,false_positive,traffic_cone,20.782782139613595,0.31716346740722656,"[20,40)","[0.25,0.40)"
case_00917,detection,false_positive,pedestrian,29.67442439383682,0.31033873558044434,"[20,40)","[0.25,0.40)"
case_00918,detection,center_error_over_1m,traffic_cone,28.833003661761737,0.5177956223487854,"[20,40)","[0.40,0.60)"
case_00919,detection,center_error_over_1m,traffic_cone,27.478756550276703,0.49012425541877747,"[20,40)","[0.40,0.60)"
case_00920,detection,false_negative,bicycle,22.949228531122973,,"[20,40)",N/A (FN)
case_00921,detection,false_negative,pedestrian,36.02916014700726,,"[20,40)",N/A (FN)
case_00922,detection,false_positive,construction_vehicle,37.01913147721552,0.35403940081596375,"[20,40)","[0.25,0.40)"
case_00923,detection,false_positive,construction_vehicle,42.18318354047277,0.3255407512187958,"[40,+inf)","[0.25,0.40)"
case_00924,detection,false_positive,bus,48.71393704509123,0.27163079380989075,"[40,+inf)","[0.25,0.40)"
case_00925,detection,false_positive,barrier,21.35775870152605,0.5148090720176697,"[20,40)","[0.40,0.60)"
case_00926,detection,false_positive,barrier,21.836821907342994,0.47964832186698914,"[20,40)","[0.40,0.60)"
case_00927,detection,false_positive,barrier,14.993722108506734,0.433384507894516,"[10,20)","[0.40,0.60)"
case_00928,detection,false_positive,barrier,18.02099649411467,0.34789180755615234,"[10,20)","[0.25,0.40)"
case_00929,detection,false_positive,barrier,24.51268323761403,0.3254659175872803,"[20,40)","[0.25,0.40)"
case_00930,detection,false_positive,barrier,22.334877433042156,0.32204464077949524,"[20,40)","[0.25,0.40)"
case_00931,detection,false_positive,traffic_cone,12.073567647585087,0.8067464232444763,"[10,20)","[0.80,1.00]"
case_00932,detection,false_positive,traffic_cone,29.965247723350085,0.5526768565177917,"[20,40)","[0.40,0.60)"
case_00933,detection,false_positive,pedestrian,31.675369306283997,0.4504838287830353,"[20,40)","[0.40,0.60)"
case_00934,detection,false_positive,traffic_cone,17.643571988293907,0.3958563506603241,"[10,20)","[0.25,0.40)"
case_00935,detection,false_positive,pedestrian,16.694380949978395,0.37201958894729614,"[10,20)","[0.25,0.40)"
case_00936,detection,false_positive,traffic_cone,24.87455373093912,0.3357243239879608,"[20,40)","[0.25,0.40)"
case_00937,detection,false_positive,traffic_cone,17.951326763155464,0.32656198740005493,"[10,20)","[0.25,0.40)"
case_00938,detection,false_positive,traffic_cone,22.345821571651406,0.30140554904937744,"[20,40)","[0.25,0.40)"
case_00939,detection,false_positive,pedestrian,28.722115014452385,0.27010995149612427,"[20,40)","[0.25,0.40)"
case_00940,detection,false_positive,pedestrian,17.61764162275887,0.26941901445388794,"[10,20)","[0.25,0.40)"
case_00941,detection,false_positive,pedestrian,22.003870799541588,0.2686859369277954,"[20,40)","[0.25,0.40)"
case_00942,detection,false_positive,traffic_cone,19.37035405332895,0.2579813599586487,"[10,20)","[0.25,0.40)"
case_00943,detection,false_positive,traffic_cone,18.598544756509867,0.2574811279773712,"[10,20)","[0.25,0.40)"
case_00944,detection,false_positive,traffic_cone,28.40269443567683,0.25008338689804077,"[20,40)","[0.25,0.40)"
case_00945,detection,false_positive,car,46.336156867335305,0.3272097110748291,"[40,+inf)","[0.25,0.40)"
case_00946,detection,false_positive,barrier,23.482968726121978,0.5029531717300415,"[20,40)","[0.40,0.60)"
case_00947,detection,false_positive,barrier,16.025267433942435,0.4876640737056732,"[10,20)","[0.40,0.60)"
case_00948,detection,false_positive,barrier,22.77821849811048,0.3514949381351471,"[20,40)","[0.25,0.40)"
case_00949,detection,false_positive,barrier,22.794005299619403,0.33939123153686523,"[20,40)","[0.25,0.40)"
case_00950,detection,false_positive,barrier,22.271666069693858,0.2891062796115875,"[20,40)","[0.25,0.40)"
case_00951,detection,false_positive,bicycle,37.78022144724436,0.33911436796188354,"[20,40)","[0.25,0.40)"
case_00952,detection,false_positive,bicycle,22.579275850729925,0.3089061677455902,"[20,40)","[0.25,0.40)"
case_00953,detection,false_positive,bicycle,30.059280347739843,0.29673999547958374,"[20,40)","[0.25,0.40)"
case_00954,detection,false_positive,traffic_cone,12.758164971052304,0.7205796241760254,"[10,20)","[0.60,0.80)"
case_00955,detection,false_positive,traffic_cone,19.71557521794602,0.660172164440155,"[10,20)","[0.60,0.80)"
case_00956,detection,false_positive,traffic_cone,17.570252053444865,0.6092355251312256,"[10,20)","[0.60,0.80)"
case_00957,detection,false_positive,traffic_cone,16.16259638867725,0.5278377532958984,"[10,20)","[0.40,0.60)"
case_00958,detection,false_positive,traffic_cone,23.774213792745066,0.46043458580970764,"[20,40)","[0.40,0.60)"
case_00959,detection,false_positive,pedestrian,24.067078039100927,0.4282177686691284,"[20,40)","[0.40,0.60)"
case_00960,detection,false_positive,pedestrian,23.655508249886726,0.42629408836364746,"[20,40)","[0.40,0.60)"
case_00961,detection,false_positive,traffic_cone,18.677037828811414,0.4073714017868042,"[10,20)","[0.40,0.60)"
case_00962,detection,false_positive,traffic_cone,20.99487097428529,0.3917090594768524,"[20,40)","[0.25,0.40)"
case_00963,detection,false_positive,pedestrian,20.135424728976286,0.3899524509906769,"[20,40)","[0.25,0.40)"
case_00964,detection,false_positive,traffic_cone,29.072878559837477,0.35239362716674805,"[20,40)","[0.25,0.40)"
case_00965,detection,false_positive,pedestrian,17.51357130801964,0.33624520897865295,"[10,20)","[0.25,0.40)"
case_00966,detection,false_positive,traffic_cone,26.736504366272534,0.31075477600097656,"[20,40)","[0.25,0.40)"
case_00967,detection,false_positive,pedestrian,15.021821208849447,0.29925501346588135,"[10,20)","[0.25,0.40)"
case_00968,detection,false_positive,traffic_cone,10.983903586658208,0.2874661982059479,"[10,20)","[0.25,0.40)"
case_00969,detection,false_positive,pedestrian,23.449434332646288,0.2801804542541504,"[20,40)","[0.25,0.40)"
case_00970,detection,false_positive,traffic_cone,16.579175235544913,0.27470090985298157,"[10,20)","[0.25,0.40)"
case_00971,detection,false_positive,pedestrian,23.041617961845127,0.27166950702667236,"[20,40)","[0.25,0.40)"
case_00972,detection,false_positive,traffic_cone,16.884210171500257,0.26897603273391724,"[10,20)","[0.25,0.40)"
case_00973,detection,false_positive,traffic_cone,16.668584192105463,0.2644657492637634,"[10,20)","[0.25,0.40)"
case_00974,detection,false_positive,traffic_cone,21.62118044527673,0.25763756036758423,"[20,40)","[0.25,0.40)"
case_00975,detection,false_positive,pedestrian,15.10929634995071,0.25088635087013245,"[10,20)","[0.25,0.40)"
case_00976,detection,center_error_over_1m,pedestrian,35.94033201659292,0.28514015674591064,"[20,40)","[0.25,0.40)"
case_00977,detection,false_negative,pedestrian,31.556628377743326,,"[20,40)",N/A (FN)
case_00978,detection,false_negative,pedestrian,34.184031367291475,,"[20,40)",N/A (FN)
case_00979,detection,false_positive,construction_vehicle,26.859232771052078,0.36928698420524597,"[20,40)","[0.25,0.40)"
case_00980,detection,false_positive,barrier,22.347421283423913,0.6621988415718079,"[20,40)","[0.60,0.80)"
case_00981,detection,false_positive,barrier,17.030968433919668,0.47146478295326233,"[10,20)","[0.40,0.60)"
case_00982,detection,false_positive,barrier,24.110049790447892,0.3486088514328003,"[20,40)","[0.25,0.40)"
case_00983,detection,false_positive,traffic_cone,2.371294633126023,0.7622937560081482,"[0,10)","[0.60,0.80)"
case_00984,detection,false_positive,pedestrian,24.7742219483626,0.6589502692222595,"[20,40)","[0.60,0.80)"
case_00985,detection,false_positive,traffic_cone,21.555382653246237,0.6167237758636475,"[20,40)","[0.60,0.80)"
case_00986,detection,false_positive,traffic_cone,27.784890991533825,0.5313299298286438,"[20,40)","[0.40,0.60)"
case_00987,detection,false_positive,traffic_cone,16.936167437859478,0.5230260491371155,"[10,20)","[0.40,0.60)"
case_00988,detection,false_positive,pedestrian,19.05260548892181,0.45860347151756287,"[10,20)","[0.40,0.60)"
case_00989,detection,false_positive,traffic_cone,16.524246011742363,0.43230223655700684,"[10,20)","[0.40,0.60)"
case_00990,detection,false_positive,traffic_cone,15.431730145935765,0.39374086260795593,"[10,20)","[0.25,0.40)"
case_00991,detection,false_positive,pedestrian,30.143799596662166,0.38270998001098633,"[20,40)","[0.25,0.40)"
case_00992,detection,false_positive,traffic_cone,27.825711560660572,0.36572206020355225,"[20,40)","[0.25,0.40)"
case_00993,detection,false_positive,traffic_cone,15.854245574469392,0.34809374809265137,"[10,20)","[0.25,0.40)"
case_00994,detection,false_positive,traffic_cone,26.017080900956138,0.32677263021469116,"[20,40)","[0.25,0.40)"
case_00995,detection,false_positive,pedestrian,19.107828972811525,0.32048550248146057,"[10,20)","[0.25,0.40)"
case_00996,detection,false_positive,pedestrian,29.32344411068636,0.2654247581958771,"[20,40)","[0.25,0.40)"
case_00997,detection,false_positive,traffic_cone,16.073382509950907,0.2502315640449524,"[10,20)","[0.25,0.40)"
case_00998,detection,center_error_over_1m,pedestrian,24.81690815412439,0.6731706857681274,"[20,40)","[0.60,0.80)"
case_00999,detection,false_negative,pedestrian,35.12411535443235,,"[20,40)",N/A (FN)
case_01000,detection,false_positive,construction_vehicle,47.4887315327521,0.3873576819896698,"[40,+inf)","[0.25,0.40)"
case_01001,detection,false_positive,construction_vehicle,44.984052675146366,0.33081015944480896,"[40,+inf)","[0.25,0.40)"
case_01002,detection,false_positive,barrier,25.811656857219802,0.444776713848114,"[20,40)","[0.40,0.60)"
case_01003,detection,false_positive,barrier,24.65839361166516,0.35057637095451355,"[20,40)","[0.25,0.40)"
case_01004,detection,false_positive,barrier,17.99104474505292,0.3067360520362854,"[10,20)","[0.25,0.40)"
case_01005,detection,false_positive,bicycle,28.19678031233842,0.5744230151176453,"[20,40)","[0.40,0.60)"
case_01006,detection,false_positive,motorcycle,34.98243392773185,0.3428407311439514,"[20,40)","[0.25,0.40)"
case_01007,detection,false_positive,traffic_cone,24.343509377779544,0.5797750353813171,"[20,40)","[0.40,0.60)"
case_01008,detection,false_positive,traffic_cone,15.620283406644452,0.5557616353034973,"[10,20)","[0.40,0.60)"
case_01009,detection,false_positive,traffic_cone,21.650843112898567,0.5525261163711548,"[20,40)","[0.40,0.60)"
case_01010,detection,false_positive,traffic_cone,15.185812118964376,0.5338025093078613,"[10,20)","[0.40,0.60)"
case_01011,detection,false_positive,traffic_cone,23.040197339471803,0.5328302979469299,"[20,40)","[0.40,0.60)"
case_01012,detection,false_positive,pedestrian,28.5461849404861,0.5076503753662109,"[20,40)","[0.40,0.60)"
case_01013,detection,false_positive,traffic_cone,26.665323030905746,0.5026925802230835,"[20,40)","[0.40,0.60)"
case_01014,detection,false_positive,traffic_cone,26.7314341900474,0.45545706152915955,"[20,40)","[0.40,0.60)"
case_01015,detection,false_positive,traffic_cone,16.718535566489617,0.3847705125808716,"[10,20)","[0.25,0.40)"
case_01016,detection,false_positive,traffic_cone,28.799340816080978,0.3716575801372528,"[20,40)","[0.25,0.40)"
case_01017,detection,false_positive,pedestrian,29.50246540609748,0.33847224712371826,"[20,40)","[0.25,0.40)"
case_01018,detection,false_positive,traffic_cone,13.307693188896337,0.3162524104118347,"[10,20)","[0.25,0.40)"
case_01019,detection,false_positive,traffic_cone,15.798882781736694,0.31087246537208557,"[10,20)","[0.25,0.40)"
case_01020,detection,false_positive,traffic_cone,14.902707461211483,0.3083796203136444,"[10,20)","[0.25,0.40)"
case_01021,detection,false_positive,pedestrian,31.73153663503364,0.27717599272727966,"[20,40)","[0.25,0.40)"
case_01022,detection,false_positive,traffic_cone,28.838150145618982,0.2738845944404602,"[20,40)","[0.25,0.40)"
case_01023,detection,false_positive,traffic_cone,22.522778973006805,0.2642693519592285,"[20,40)","[0.25,0.40)"
case_01024,detection,false_positive,pedestrian,26.53135015583041,0.259649395942688,"[20,40)","[0.25,0.40)"
case_01025,detection,false_positive,traffic_cone,20.545325554083888,0.25381335616111755,"[20,40)","[0.25,0.40)"
case_01026,detection,center_error_over_1m,pedestrian,20.07047913619294,0.6774391531944275,"[20,40)","[0.60,0.80)"
case_01027,detection,false_positive,barrier,27.202758967997358,0.3905112147331238,"[20,40)","[0.25,0.40)"
case_01028,detection,false_positive,barrier,26.502637929195014,0.34011512994766235,"[20,40)","[0.25,0.40)"
case_01029,detection,false_positive,bicycle,34.58251387227338,0.3990797996520996,"[20,40)","[0.25,0.40)"
case_01030,detection,false_positive,bicycle,17.700499716002344,0.3953908681869507,"[10,20)","[0.25,0.40)"
case_01031,detection,false_positive,motorcycle,34.88920527398442,0.30956903100013733,"[20,40)","[0.25,0.40)"
case_01032,detection,false_positive,traffic_cone,24.375365881248943,0.57633376121521,"[20,40)","[0.40,0.60)"
case_01033,detection,false_positive,traffic_cone,19.277683270794736,0.563975989818573,"[10,20)","[0.40,0.60)"
case_01034,detection,false_positive,traffic_cone,20.56428607200933,0.4979734718799591,"[20,40)","[0.40,0.60)"
case_01035,detection,false_positive,traffic_cone,14.992902280790142,0.4739700257778168,"[10,20)","[0.40,0.60)"
case_01036,detection,false_positive,traffic_cone,27.563887331261466,0.4507967531681061,"[20,40)","[0.40,0.60)"
case_01037,detection,false_positive,pedestrian,27.445338360018578,0.4066588282585144,"[20,40)","[0.40,0.60)"
case_01038,detection,false_positive,pedestrian,20.880067712229934,0.3388828933238983,"[20,40)","[0.25,0.40)"
case_01039,detection,false_positive,pedestrian,19.17192529054171,0.27543896436691284,"[10,20)","[0.25,0.40)"
case_01040,detection,false_positive,pedestrian,32.624831313314544,0.27480843663215637,"[20,40)","[0.25,0.40)"
case_01041,detection,false_positive,pedestrian,26.36809943356667,0.2714359760284424,"[20,40)","[0.25,0.40)"
case_01042,detection,false_positive,traffic_cone,19.83561249487168,0.25902432203292847,"[10,20)","[0.25,0.40)"
case_01043,detection,false_positive,pedestrian,21.99957198126542,0.25121569633483887,"[20,40)","[0.25,0.40)"
case_01044,detection,center_error_over_1m,traffic_cone,24.582769660020965,0.6265133619308472,"[20,40)","[0.60,0.80)"
case_01045,detection,center_error_over_1m,traffic_cone,15.429159979573678,0.4893679916858673,"[10,20)","[0.40,0.60)"
case_01046,detection,false_negative,barrier,26.05925391899633,,"[20,40)",N/A (FN)
case_01047,detection,false_negative,bicycle,17.91858021774707,,"[10,20)",N/A (FN)
case_01048,detection,false_positive,barrier,28.282383522367507,0.46093249320983887,"[20,40)","[0.40,0.60)"
case_01049,detection,false_positive,barrier,27.045946607888727,0.3935154378414154,"[20,40)","[0.25,0.40)"
case_01050,detection,false_positive,barrier,27.553007006616035,0.3786645233631134,"[20,40)","[0.25,0.40)"
case_01051,detection,false_positive,barrier,28.175842760748534,0.3545328676700592,"[20,40)","[0.25,0.40)"
case_01052,detection,false_positive,barrier,20.30489220814252,0.3367382287979126,"[20,40)","[0.25,0.40)"
case_01053,detection,false_positive,barrier,27.302451094332397,0.25320178270339966,"[20,40)","[0.25,0.40)"
case_01054,detection,false_positive,bicycle,26.410060332807628,0.4620665907859802,"[20,40)","[0.40,0.60)"
case_01055,detection,false_positive,motorcycle,18.15519491484666,0.4108271896839142,"[10,20)","[0.40,0.60)"
case_01056,detection,false_positive,traffic_cone,16.086230291863124,0.6372733116149902,"[10,20)","[0.60,0.80)"
case_01057,detection,false_positive,pedestrian,27.09053020133564,0.6217859983444214,"[20,40)","[0.60,0.80)"
case_01058,detection,false_positive,traffic_cone,19.46604030035315,0.568878710269928,"[10,20)","[0.40,0.60)"
case_01059,detection,false_positive,pedestrian,27.199103867852315,0.5185738205909729,"[20,40)","[0.40,0.60)"
case_01060,detection,false_positive,traffic_cone,20.947822612254928,0.49939900636672974,"[20,40)","[0.40,0.60)"
case_01061,detection,false_positive,pedestrian,26.382073928182564,0.46959444880485535,"[20,40)","[0.40,0.60)"
case_01062,detection,false_positive,traffic_cone,13.73087692593431,0.44288066029548645,"[10,20)","[0.40,0.60)"
case_01063,detection,false_positive,traffic_cone,12.651885936820575,0.39675748348236084,"[10,20)","[0.25,0.40)"
case_01064,detection,false_positive,traffic_cone,12.41625009570271,0.3798559308052063,"[10,20)","[0.25,0.40)"
case_01065,detection,false_positive,pedestrian,33.86323240712394,0.37201988697052,"[20,40)","[0.25,0.40)"
case_01066,detection,false_positive,pedestrian,26.93518436516586,0.32955992221832275,"[20,40)","[0.25,0.40)"
case_01067,detection,false_positive,traffic_cone,13.22079463189079,0.3278973698616028,"[10,20)","[0.25,0.40)"
case_01068,detection,false_positive,traffic_cone,23.139940567707495,0.32122287154197693,"[20,40)","[0.25,0.40)"
case_01069,detection,false_positive,pedestrian,21.62673643226417,0.31036078929901123,"[20,40)","[0.25,0.40)"
case_01070,detection,false_positive,traffic_cone,21.735204189850524,0.30958276987075806,"[20,40)","[0.25,0.40)"
case_01071,detection,false_positive,traffic_cone,12.952057545110689,0.30235621333122253,"[10,20)","[0.25,0.40)"
case_01072,detection,false_positive,traffic_cone,23.84990144791484,0.3004148602485657,"[20,40)","[0.25,0.40)"
case_01073,detection,false_positive,pedestrian,26.105524782463036,0.2817573547363281,"[20,40)","[0.25,0.40)"
case_01074,detection,false_positive,pedestrian,23.174640132516867,0.25873684883117676,"[20,40)","[0.25,0.40)"
case_01075,detection,center_error_over_1m,pedestrian,27.057029773389928,0.6945598721504211,"[20,40)","[0.60,0.80)"
case_01076,detection,center_error_over_1m,traffic_cone,16.872516032724022,0.6733866930007935,"[10,20)","[0.60,0.80)"
case_01077,detection,center_error_over_1m,traffic_cone,19.55677094755583,0.613647997379303,"[10,20)","[0.60,0.80)"
case_01078,detection,false_negative,barrier,29.98328660746949,,"[20,40)",N/A (FN)
case_01079,detection,false_negative,pedestrian,28.983425540126323,,"[20,40)",N/A (FN)
case_01080,detection,false_negative,bicycle,16.506676434983998,,"[10,20)",N/A (FN)
case_01081,detection,false_negative,pedestrian,18.16523543589579,,"[10,20)",N/A (FN)
case_01082,detection,false_positive,car,40.13257850821432,0.3709213137626648,"[40,+inf)","[0.25,0.40)"
case_01083,detection,false_positive,car,38.3933346614476,0.3703165352344513,"[20,40)","[0.25,0.40)"
case_01084,detection,false_positive,construction_vehicle,49.76489013297134,0.5940732955932617,"[40,+inf)","[0.40,0.60)"
case_01085,detection,false_positive,construction_vehicle,17.486597150816497,0.3201070725917816,"[10,20)","[0.25,0.40)"
case_01086,detection,false_positive,barrier,21.419803453031683,0.4835018515586853,"[20,40)","[0.40,0.60)"
case_01087,detection,false_positive,barrier,25.752350659029172,0.4725138247013092,"[20,40)","[0.40,0.60)"
case_01088,detection,false_positive,barrier,27.34118052777157,0.41389790177345276,"[20,40)","[0.40,0.60)"
case_01089,detection,false_positive,barrier,27.524466167141327,0.4004734754562378,"[20,40)","[0.40,0.60)"
case_01090,detection,false_positive,barrier,17.540579567186743,0.37605130672454834,"[10,20)","[0.25,0.40)"
case_01091,detection,false_positive,barrier,28.21688153017145,0.2774054706096649,"[20,40)","[0.25,0.40)"
case_01092,detection,false_positive,motorcycle,32.58522380215549,0.4222874641418457,"[20,40)","[0.40,0.60)"
case_01093,detection,false_positive,motorcycle,27.634321718855595,0.35823124647140503,"[20,40)","[0.25,0.40)"
case_01094,detection,false_positive,bicycle,16.742738888937154,0.35135579109191895,"[10,20)","[0.25,0.40)"
case_01095,detection,false_positive,pedestrian,12.134039221637911,0.6698378920555115,"[10,20)","[0.60,0.80)"
case_01096,detection,false_positive,traffic_cone,18.344011535965727,0.6270765662193298,"[10,20)","[0.60,0.80)"
case_01097,detection,false_positive,pedestrian,12.083201314108228,0.624383807182312,"[10,20)","[0.60,0.80)"
case_01098,detection,false_positive,traffic_cone,19.662104039627852,0.5934608578681946,"[10,20)","[0.40,0.60)"
case_01099,detection,false_positive,traffic_cone,16.715529785000754,0.5798419117927551,"[10,20)","[0.40,0.60)"
case_01100,detection,false_positive,traffic_cone,23.280170736384946,0.5501155257225037,"[20,40)","[0.40,0.60)"
case_01101,detection,false_positive,pedestrian,29.12722821854489,0.5027438998222351,"[20,40)","[0.40,0.60)"
case_01102,detection,false_positive,pedestrian,35.260302281046506,0.48420122265815735,"[20,40)","[0.40,0.60)"
case_01103,detection,false_positive,traffic_cone,22.179525127321856,0.4840884506702423,"[20,40)","[0.40,0.60)"
case_01104,detection,false_positive,traffic_cone,25.287571714786637,0.4785451292991638,"[20,40)","[0.40,0.60)"
case_01105,detection,false_positive,pedestrian,28.229000412930965,0.41257625818252563,"[20,40)","[0.40,0.60)"
case_01106,detection,false_positive,pedestrian,36.02452877976335,0.3992622196674347,"[20,40)","[0.25,0.40)"
case_01107,detection,false_positive,pedestrian,22.953314150804584,0.3950282335281372,"[20,40)","[0.25,0.40)"
case_01108,detection,false_positive,pedestrian,23.042230446680414,0.3843931257724762,"[20,40)","[0.25,0.40)"
case_01109,detection,false_positive,traffic_cone,12.779712870941337,0.3524363934993744,"[10,20)","[0.25,0.40)"
case_01110,detection,false_positive,traffic_cone,22.96384928727077,0.3520544469356537,"[20,40)","[0.25,0.40)"
case_01111,detection,false_positive,traffic_cone,28.95252741184454,0.3364434540271759,"[20,40)","[0.25,0.40)"
case_01112,detection,false_positive,pedestrian,23.72285283760776,0.3313813805580139,"[20,40)","[0.25,0.40)"
case_01113,detection,false_positive,pedestrian,23.843520638449412,0.33055955171585083,"[20,40)","[0.25,0.40)"
case_01114,detection,false_positive,traffic_cone,11.397351393595697,0.3277227580547333,"[10,20)","[0.25,0.40)"
case_01115,detection,false_positive,traffic_cone,24.908801159526618,0.32380831241607666,"[20,40)","[0.25,0.40)"
case_01116,detection,false_positive,traffic_cone,21.258796592415983,0.3084059953689575,"[20,40)","[0.25,0.40)"
case_01117,detection,false_positive,pedestrian,28.92933453059621,0.3042666018009186,"[20,40)","[0.25,0.40)"
case_01118,detection,false_positive,pedestrian,32.94532619257192,0.29555392265319824,"[20,40)","[0.25,0.40)"
case_01119,detection,false_positive,pedestrian,29.38698125396406,0.28828755021095276,"[20,40)","[0.25,0.40)"
case_01120,detection,false_positive,traffic_cone,12.031372316755556,0.28151100873947144,"[10,20)","[0.25,0.40)"
case_01121,detection,false_positive,traffic_cone,20.19147850701298,0.25465527176856995,"[20,40)","[0.25,0.40)"
case_01122,detection,center_error_over_1m,pedestrian,12.330366266748078,0.6994297504425049,"[10,20)","[0.60,0.80)"
case_01123,detection,center_error_over_1m,traffic_cone,25.089799464986317,0.6246052384376526,"[20,40)","[0.60,0.80)"
case_01124,detection,center_error_over_1m,barrier,27.638257645416562,0.44404008984565735,"[20,40)","[0.40,0.60)"
case_01125,detection,center_error_over_1m,pedestrian,23.590741493422147,0.4065888524055481,"[20,40)","[0.40,0.60)"
case_01126,detection,false_negative,bicycle,15.481671432861106,,"[10,20)",N/A (FN)
case_01127,detection,false_positive,construction_vehicle,13.109802463869379,0.6262767910957336,"[10,20)","[0.60,0.80)"
case_01128,detection,false_positive,truck,46.46631433800287,0.28970038890838623,"[40,+inf)","[0.25,0.40)"
case_01129,detection,false_positive,barrier,16.690691024356724,0.7793081998825073,"[10,20)","[0.60,0.80)"
case_01130,detection,false_positive,barrier,24.80318383254757,0.6486378908157349,"[20,40)","[0.60,0.80)"
case_01131,detection,false_positive,barrier,26.247071232969265,0.643176257610321,"[20,40)","[0.60,0.80)"
case_01132,detection,false_positive,barrier,25.287979795514143,0.6217937469482422,"[20,40)","[0.60,0.80)"
case_01133,detection,false_positive,barrier,15.888836167744197,0.5535206198692322,"[10,20)","[0.40,0.60)"
case_01134,detection,false_positive,barrier,19.16900214957763,0.5237463116645813,"[10,20)","[0.40,0.60)"
case_01135,detection,false_positive,barrier,24.623683850569908,0.4788703918457031,"[20,40)","[0.40,0.60)"
case_01136,detection,false_positive,barrier,24.863284980517527,0.43510645627975464,"[20,40)","[0.40,0.60)"
case_01137,detection,false_positive,barrier,17.139674898224264,0.42661145329475403,"[10,20)","[0.40,0.60)"
case_01138,detection,false_positive,barrier,19.108894616637368,0.35927706956863403,"[10,20)","[0.25,0.40)"
case_01139,detection,false_positive,barrier,29.132261148415317,0.31003040075302124,"[20,40)","[0.25,0.40)"
case_01140,detection,false_positive,barrier,22.472217819071446,0.2682579457759857,"[20,40)","[0.25,0.40)"
case_01141,detection,false_positive,barrier,21.29336529437728,0.26554369926452637,"[20,40)","[0.25,0.40)"
case_01142,detection,false_positive,barrier,26.697344571292902,0.2587045431137085,"[20,40)","[0.25,0.40)"
case_01143,detection,false_positive,bicycle,31.705624975515576,0.6811606287956238,"[20,40)","[0.60,0.80)"
case_01144,detection,false_positive,motorcycle,16.928351612391108,0.566154956817627,"[10,20)","[0.40,0.60)"
case_01145,detection,false_positive,bicycle,16.777774409749593,0.3487318456172943,"[10,20)","[0.25,0.40)"
case_01146,detection,false_positive,bicycle,39.168475864325025,0.3409033715724945,"[20,40)","[0.25,0.40)"
case_01147,detection,false_positive,pedestrian,28.54591308077361,0.6438547372817993,"[20,40)","[0.60,0.80)"
case_01148,detection,false_positive,traffic_cone,14.622466729247668,0.6084009408950806,"[10,20)","[0.60,0.80)"
case_01149,detection,false_positive,pedestrian,36.83538649563462,0.5476659536361694,"[20,40)","[0.40,0.60)"
case_01150,detection,false_positive,traffic_cone,11.634274867672023,0.5191201567649841,"[10,20)","[0.40,0.60)"
case_01151,detection,false_positive,traffic_cone,24.27087069804533,0.44070959091186523,"[20,40)","[0.40,0.60)"
case_01152,detection,false_positive,pedestrian,29.64099115009798,0.41299498081207275,"[20,40)","[0.40,0.60)"
case_01153,detection,false_positive,traffic_cone,25.270898033491004,0.3943063020706177,"[20,40)","[0.25,0.40)"
case_01154,detection,false_positive,traffic_cone,16.39718131186496,0.39091601967811584,"[10,20)","[0.25,0.40)"
case_01155,detection,false_positive,pedestrian,24.384861302087817,0.3907557427883148,"[20,40)","[0.25,0.40)"
case_01156,detection,false_positive,traffic_cone,19.71988835644445,0.38673341274261475,"[10,20)","[0.25,0.40)"
case_01157,detection,false_positive,traffic_cone,24.31463319446909,0.368856817483902,"[20,40)","[0.25,0.40)"
case_01158,detection,false_positive,pedestrian,29.717940197302042,0.3626743257045746,"[20,40)","[0.25,0.40)"
case_01159,detection,false_positive,traffic_cone,11.149775854123174,0.36043205857276917,"[10,20)","[0.25,0.40)"
case_01160,detection,false_positive,traffic_cone,22.116125065027546,0.349605917930603,"[20,40)","[0.25,0.40)"
case_01161,detection,false_positive,traffic_cone,27.10990472637159,0.3477112948894501,"[20,40)","[0.25,0.40)"
case_01162,detection,false_positive,pedestrian,29.022126261921933,0.3007478415966034,"[20,40)","[0.25,0.40)"
case_01163,detection,false_positive,pedestrian,24.923914470097454,0.2989453375339508,"[20,40)","[0.25,0.40)"
case_01164,detection,false_positive,traffic_cone,26.72510027485606,0.2977484166622162,"[20,40)","[0.25,0.40)"
case_01165,detection,false_positive,traffic_cone,12.0574856481895,0.2967921793460846,"[10,20)","[0.25,0.40)"
case_01166,detection,false_positive,traffic_cone,10.697507485024346,0.2814810872077942,"[10,20)","[0.25,0.40)"
case_01167,detection,false_positive,traffic_cone,21.48288766885348,0.2807759642601013,"[20,40)","[0.25,0.40)"
case_01168,detection,false_positive,pedestrian,36.628928808536116,0.28049615025520325,"[20,40)","[0.25,0.40)"
case_01169,detection,false_positive,pedestrian,3.101689331550137,0.2717357575893402,"[0,10)","[0.25,0.40)"
case_01170,detection,false_positive,pedestrian,24.29440069282924,0.2602574825286865,"[20,40)","[0.25,0.40)"
case_01171,detection,false_positive,traffic_cone,22.19363021268364,0.26008909940719604,"[20,40)","[0.25,0.40)"
case_01172,detection,false_positive,traffic_cone,24.89281472143873,0.2591761648654938,"[20,40)","[0.25,0.40)"
case_01173,detection,false_positive,traffic_cone,18.282779054996908,0.25664445757865906,"[10,20)","[0.25,0.40)"
case_01174,detection,center_error_over_1m,traffic_cone,27.088729386154363,0.359433114528656,"[20,40)","[0.25,0.40)"
case_01175,tracking,false_negative,pedestrian,28.78453368794934,,"[20,40)",N/A (FN)
case_01176,tracking,false_positive,car,43.363280907031296,0.395077109336853,"[40,+inf)","[0.25,0.40)"
case_01177,tracking,false_positive,car,43.27022457452331,0.2821389138698578,"[40,+inf)","[0.25,0.40)"
case_01178,tracking,false_positive,truck,39.24737474369359,0.263793021440506,"[20,40)","[0.25,0.40)"
case_01179,tracking,false_positive,bus,48.242438911141285,0.46389511227607727,"[40,+inf)","[0.40,0.60)"
case_01180,tracking,false_positive,motorcycle,35.380560250898235,0.5281642079353333,"[20,40)","[0.40,0.60)"
case_01181,tracking,false_positive,bicycle,16.118129951130125,0.37246039509773254,"[10,20)","[0.25,0.40)"
case_01182,tracking,false_positive,bicycle,14.973633499731287,0.32083427906036377,"[10,20)","[0.25,0.40)"
case_01183,tracking,false_positive,bicycle,24.694945446668406,0.30224892497062683,"[20,40)","[0.25,0.40)"
case_01184,tracking,false_positive,bicycle,21.986216784248494,0.2616508901119232,"[20,40)","[0.25,0.40)"
case_01185,tracking,false_positive,motorcycle,29.06276298514525,0.2595146894454956,"[20,40)","[0.25,0.40)"
case_01186,tracking,false_positive,motorcycle,39.403343716132675,0.2541387975215912,"[20,40)","[0.25,0.40)"
case_01187,tracking,false_positive,pedestrian,14.008569426977546,0.5026026964187622,"[10,20)","[0.40,0.60)"
case_01188,tracking,false_positive,pedestrian,21.08220895550965,0.3230913579463959,"[20,40)","[0.25,0.40)"
case_01189,tracking,false_positive,pedestrian,19.654003073992225,0.27256831526756287,"[10,20)","[0.25,0.40)"
case_01190,tracking,false_positive,pedestrian,19.221129153680053,0.2607736885547638,"[10,20)","[0.25,0.40)"
case_01191,tracking,false_positive,pedestrian,12.21914318143759,0.25443893671035767,"[10,20)","[0.25,0.40)"
case_01192,tracking,false_positive,pedestrian,36.10564615323218,0.2518138587474823,"[20,40)","[0.25,0.40)"
case_01193,tracking,false_negative,pedestrian,10.518625457610336,,"[10,20)",N/A (FN)
case_01194,tracking,false_positive,car,32.45720637844208,0.6921283006668091,"[20,40)","[0.60,0.80)"
case_01195,tracking,false_positive,car,41.97661627791853,0.28593552112579346,"[40,+inf)","[0.25,0.40)"
case_01196,tracking,false_positive,car,46.712335856138594,0.26914864778518677,"[40,+inf)","[0.25,0.40)"
case_01197,tracking,false_positive,motorcycle,26.720924920463602,0.8686085343360901,"[20,40)","[0.80,1.00]"
case_01198,tracking,false_positive,bicycle,19.616320672749854,0.5868667960166931,"[10,20)","[0.40,0.60)"
case_01199,tracking,false_positive,motorcycle,36.46160260256151,0.46287205815315247,"[20,40)","[0.40,0.60)"
case_01200,tracking,false_positive,motorcycle,16.788062223949552,0.2627062499523163,"[10,20)","[0.25,0.40)"
case_01201,tracking,false_positive,bicycle,14.778534237473602,0.2554146945476532,"[10,20)","[0.25,0.40)"
case_01202,tracking,false_positive,pedestrian,18.026009363724103,0.5112572312355042,"[10,20)","[0.40,0.60)"
case_01203,tracking,false_positive,pedestrian,18.384329252068863,0.45390400290489197,"[10,20)","[0.40,0.60)"
case_01204,tracking,false_positive,pedestrian,35.35352202871784,0.3009837865829468,"[20,40)","[0.25,0.40)"
case_01205,tracking,false_positive,pedestrian,18.266698435898135,0.2524900436401367,"[10,20)","[0.25,0.40)"
case_01206,tracking,false_positive,truck,25.845866635893447,0.2786741554737091,"[20,40)","[0.25,0.40)"
case_01207,tracking,false_positive,truck,28.788776372226216,0.27421531081199646,"[20,40)","[0.25,0.40)"
case_01208,tracking,false_positive,motorcycle,31.630308930227706,0.7820960879325867,"[20,40)","[0.60,0.80)"
case_01209,tracking,false_positive,bicycle,21.362903143591087,0.3088131546974182,"[20,40)","[0.25,0.40)"
case_01210,tracking,false_positive,bicycle,22.667781830527233,0.2666219174861908,"[20,40)","[0.25,0.40)"
case_01211,tracking,false_positive,pedestrian,37.36915500654805,0.6314997673034668,"[20,40)","[0.60,0.80)"
case_01212,tracking,false_positive,pedestrian,35.438852195650476,0.5459856986999512,"[20,40)","[0.40,0.60)"
case_01213,tracking,false_positive,pedestrian,39.71758408815986,0.341005802154541,"[20,40)","[0.25,0.40)"
case_01214,tracking,false_positive,pedestrian,36.48955616277381,0.33590877056121826,"[20,40)","[0.25,0.40)"
case_01215,tracking,false_positive,pedestrian,38.69235936820231,0.2966983914375305,"[20,40)","[0.25,0.40)"
case_01216,tracking,false_positive,bicycle,24.096611164941617,0.38396304845809937,"[20,40)","[0.25,0.40)"
case_01217,tracking,id_switch,pedestrian,23.22941841871205,0.8510782718658447,"[20,40)","[0.80,1.00]"
case_01219,tracking,id_switch,pedestrian,21.331090033182388,0.6607007384300232,"[20,40)","[0.60,0.80)"
case_01220,tracking,false_positive,motorcycle,35.567417040752744,0.5122472047805786,"[20,40)","[0.40,0.60)"
case_01221,tracking,false_positive,bicycle,25.688397999352933,0.27615678310394287,"[20,40)","[0.25,0.40)"
case_01222,tracking,false_positive,pedestrian,34.17297547846686,0.5415213704109192,"[20,40)","[0.40,0.60)"
case_01223,tracking,false_positive,pedestrian,26.73118052648216,0.40027889609336853,"[20,40)","[0.40,0.60)"
case_01224,tracking,false_positive,pedestrian,3.698754668538357,0.27933746576309204,"[0,10)","[0.25,0.40)"
case_01225,tracking,false_positive,pedestrian,34.595739250669816,0.27053403854370117,"[20,40)","[0.25,0.40)"
case_01226,tracking,false_positive,pedestrian,34.6275539938756,0.2628055512905121,"[20,40)","[0.25,0.40)"
case_01227,tracking,false_positive,pedestrian,37.68083782534425,0.253810316324234,"[20,40)","[0.25,0.40)"
case_01228,tracking,false_positive,motorcycle,27.130021651319893,0.38396555185317993,"[20,40)","[0.25,0.40)"
case_01229,tracking,id_switch,pedestrian,32.67503173681538,0.7500210404396057,"[20,40)","[0.60,0.80)"
case_01230,tracking,id_switch,pedestrian,24.800342450130486,0.7993014454841614,"[20,40)","[0.60,0.80)"
case_01231,tracking,id_switch,truck,39.80730602727429,0.7418216466903687,"[20,40)","[0.60,0.80)"
case_01232,tracking,false_negative,pedestrian,5.435901458715837,,"[0,10)",N/A (FN)
case_01233,tracking,false_positive,motorcycle,39.5909834203136,0.3796387314796448,"[20,40)","[0.25,0.40)"
case_01234,tracking,false_positive,pedestrian,30.960641144763837,0.5846108794212341,"[20,40)","[0.40,0.60)"
case_01235,tracking,false_positive,pedestrian,31.147976727203996,0.511484682559967,"[20,40)","[0.40,0.60)"
case_01236,tracking,false_positive,pedestrian,30.62823244894967,0.35493773221969604,"[20,40)","[0.25,0.40)"
case_01238,tracking,false_positive,car,48.23736724871418,0.4654552638530731,"[40,+inf)","[0.40,0.60)"
case_01239,tracking,false_positive,pedestrian,29.065489108788892,0.5288068056106567,"[20,40)","[0.40,0.60)"
case_01241,tracking,false_negative,pedestrian,36.556784718659856,,"[20,40)",N/A (FN)
case_01242,tracking,false_negative,pedestrian,39.08716905939894,,"[20,40)",N/A (FN)
case_01243,tracking,false_positive,car,49.89367111604926,0.25892022252082825,"[40,+inf)","[0.25,0.40)"
case_01244,tracking,false_positive,motorcycle,36.470628290425054,0.27401116490364075,"[20,40)","[0.25,0.40)"
case_01245,tracking,false_positive,pedestrian,28.07734075848252,0.8938279151916504,"[20,40)","[0.80,1.00]"
case_01246,tracking,false_positive,pedestrian,27.15513404589107,0.40470194816589355,"[20,40)","[0.40,0.60)"
case_01247,tracking,false_positive,pedestrian,37.04833782184501,0.2752421796321869,"[20,40)","[0.25,0.40)"
case_01248,tracking,false_positive,pedestrian,28.341098494717823,0.2648121118545532,"[20,40)","[0.25,0.40)"
case_01249,tracking,false_positive,pedestrian,31.38770954945618,0.2526560127735138,"[20,40)","[0.25,0.40)"
case_01250,tracking,false_positive,pedestrian,35.03367380080295,0.2939092218875885,"[20,40)","[0.25,0.40)"
case_01251,tracking,gap_id_change,pedestrian,20.182198100432796,0.3310721218585968,"[20,40)","[0.25,0.40)"
case_01252,tracking,false_negative,bicycle,38.259581517297434,,"[20,40)",N/A (FN)
case_01253,tracking,false_positive,car,44.41786615236851,0.28660982847213745,"[40,+inf)","[0.25,0.40)"
case_01254,tracking,false_positive,car,48.568383264663865,0.2612597942352295,"[40,+inf)","[0.25,0.40)"
case_01255,tracking,false_positive,bicycle,18.175150353561968,0.2980588972568512,"[10,20)","[0.25,0.40)"
case_01256,tracking,false_positive,pedestrian,26.191482201957996,0.8424986004829407,"[20,40)","[0.80,1.00]"
case_01257,tracking,false_positive,pedestrian,37.91193860749889,0.46557772159576416,"[20,40)","[0.40,0.60)"
case_01258,tracking,false_positive,pedestrian,15.932279834912196,0.3908913731575012,"[10,20)","[0.25,0.40)"
case_01259,tracking,false_positive,pedestrian,38.8089079063424,0.37659749388694763,"[20,40)","[0.25,0.40)"
case_01260,tracking,false_positive,pedestrian,38.20892457384795,0.311949759721756,"[20,40)","[0.25,0.40)"
case_01261,tracking,false_positive,pedestrian,10.165887120016178,0.2625381648540497,"[10,20)","[0.25,0.40)"
case_01262,tracking,gap_id_change,pedestrian,26.552291918396005,0.32540467381477356,"[20,40)","[0.25,0.40)"
case_01263,tracking,id_switch,pedestrian,39.22165504101744,0.48563912510871887,"[20,40)","[0.40,0.60)"
case_01264,tracking,id_switch,pedestrian,25.72843523010154,0.5722626447677612,"[20,40)","[0.40,0.60)"
case_01265,tracking,false_negative,motorcycle,34.47044634933736,,"[20,40)",N/A (FN)
case_01266,tracking,false_negative,car,49.958261246427725,,"[40,+inf)",N/A (FN)
case_01267,tracking,false_positive,car,47.305514820006614,0.2624422311782837,"[40,+inf)","[0.25,0.40)"
case_01268,tracking,false_positive,bicycle,17.356601256121785,0.5801053047180176,"[10,20)","[0.40,0.60)"
case_01269,tracking,false_positive,bicycle,36.44397957120348,0.31266874074935913,"[20,40)","[0.25,0.40)"
case_01270,tracking,false_positive,pedestrian,24.9157636356232,0.7419669032096863,"[20,40)","[0.60,0.80)"
case_01271,tracking,false_positive,pedestrian,35.361746205693635,0.6652556657791138,"[20,40)","[0.60,0.80)"
case_01272,tracking,false_positive,pedestrian,39.12326594549802,0.5359624624252319,"[20,40)","[0.40,0.60)"
case_01273,tracking,false_positive,pedestrian,34.87190640898481,0.4841236472129822,"[20,40)","[0.40,0.60)"
case_01274,tracking,false_positive,pedestrian,32.93497357134448,0.37567856907844543,"[20,40)","[0.25,0.40)"
case_01275,tracking,false_positive,pedestrian,36.122046512497,0.35852962732315063,"[20,40)","[0.25,0.40)"
case_01276,tracking,false_positive,pedestrian,23.576607584783293,0.3480128049850464,"[20,40)","[0.25,0.40)"
case_01277,tracking,false_positive,pedestrian,14.378211483216662,0.27397647500038147,"[10,20)","[0.25,0.40)"
case_01278,tracking,false_positive,pedestrian,33.89013933669837,0.25013381242752075,"[20,40)","[0.25,0.40)"
case_01279,tracking,false_positive,pedestrian,37.633993756961495,0.38194313645362854,"[20,40)","[0.25,0.40)"
case_01280,tracking,false_positive,pedestrian,38.95854815477709,0.28989845514297485,"[20,40)","[0.25,0.40)"
case_01281,tracking,false_positive,pedestrian,23.78619236667055,0.257876455783844,"[20,40)","[0.25,0.40)"
case_01282,tracking,id_switch,pedestrian,23.40954940584911,0.8615530729293823,"[20,40)","[0.80,1.00]"
case_01283,tracking,false_negative,car,43.700215738720914,,"[40,+inf)",N/A (FN)
case_01284,tracking,false_positive,car,44.10746809515824,0.3259533941745758,"[40,+inf)","[0.25,0.40)"
case_01285,tracking,false_positive,bicycle,17.09695958139489,0.5496426820755005,"[10,20)","[0.40,0.60)"
case_01286,tracking,false_positive,motorcycle,36.00051952175365,0.3056544363498688,"[20,40)","[0.25,0.40)"
case_01287,tracking,false_positive,motorcycle,36.5883472932959,0.27886006236076355,"[20,40)","[0.25,0.40)"
case_01288,tracking,false_positive,motorcycle,38.357889201883836,0.275991827249527,"[20,40)","[0.25,0.40)"
case_01289,tracking,false_positive,pedestrian,23.7004828864418,0.8179349303245544,"[20,40)","[0.80,1.00]"
case_01290,tracking,false_positive,pedestrian,26.00176500505007,0.7852734923362732,"[20,40)","[0.60,0.80)"
case_01291,tracking,false_positive,pedestrian,36.525650448979796,0.6553094387054443,"[20,40)","[0.60,0.80)"
case_01292,tracking,false_positive,pedestrian,23.728813668915812,0.49456915259361267,"[20,40)","[0.40,0.60)"
case_01293,tracking,false_positive,pedestrian,37.30329908918035,0.4235261380672455,"[20,40)","[0.40,0.60)"
case_01294,tracking,false_positive,pedestrian,36.783397897232135,0.3443939685821533,"[20,40)","[0.25,0.40)"
case_01295,tracking,false_positive,pedestrian,37.57250681990731,0.33615267276763916,"[20,40)","[0.25,0.40)"
case_01296,tracking,false_positive,pedestrian,23.833035119655317,0.31871694326400757,"[20,40)","[0.25,0.40)"
case_01297,tracking,false_positive,pedestrian,33.274565540231116,0.3130577504634857,"[20,40)","[0.25,0.40)"
case_01298,tracking,false_positive,pedestrian,17.56730452112361,0.3017708957195282,"[10,20)","[0.25,0.40)"
case_01299,tracking,false_positive,car,44.52505491645502,0.4069131016731262,"[40,+inf)","[0.40,0.60)"
case_01300,tracking,false_positive,bicycle,35.965580560553946,0.2742204964160919,"[20,40)","[0.25,0.40)"
case_01301,tracking,false_positive,pedestrian,25.758395598142283,0.36709466576576233,"[20,40)","[0.25,0.40)"
case_01302,tracking,center_error_over_1m,pedestrian,31.426282108585294,0.7018765211105347,"[20,40)","[0.60,0.80)"
case_01303,tracking,gap_id_change,pedestrian,31.426282108585294,0.7018765211105347,"[20,40)","[0.60,0.80)"
case_01304,tracking,id_switch,pedestrian,35.127845804922984,0.5542965531349182,"[20,40)","[0.40,0.60)"
case_01305,tracking,false_negative,truck,47.84371526093009,,"[40,+inf)",N/A (FN)
case_01306,tracking,false_positive,car,42.40893493877615,0.3593580424785614,"[40,+inf)","[0.25,0.40)"
case_01307,tracking,false_positive,car,48.493012631993246,0.3492339253425598,"[40,+inf)","[0.25,0.40)"
case_01308,tracking,false_positive,bicycle,17.624765117333286,0.4257950186729431,"[10,20)","[0.40,0.60)"
case_01309,tracking,false_positive,motorcycle,19.777062537459837,0.36134523153305054,"[10,20)","[0.25,0.40)"
case_01310,tracking,false_positive,pedestrian,34.32686374164086,0.6147086024284363,"[20,40)","[0.60,0.80)"
case_01311,tracking,false_positive,pedestrian,23.33875744301953,0.5947224497795105,"[20,40)","[0.40,0.60)"
case_01312,tracking,false_positive,pedestrian,38.459300177186705,0.41279229521751404,"[20,40)","[0.40,0.60)"
case_01313,tracking,false_positive,pedestrian,33.03966982524369,0.3852851986885071,"[20,40)","[0.25,0.40)"
case_01314,tracking,false_positive,pedestrian,37.18417189075579,0.37376439571380615,"[20,40)","[0.25,0.40)"
case_01315,tracking,false_positive,pedestrian,7.7220078306301545,0.3650291860103607,"[0,10)","[0.25,0.40)"
case_01316,tracking,false_positive,pedestrian,30.77790558761604,0.36277690529823303,"[20,40)","[0.25,0.40)"
case_01317,tracking,false_positive,pedestrian,31.3710553966973,0.3489164710044861,"[20,40)","[0.25,0.40)"
case_01318,tracking,false_positive,pedestrian,29.55515879733067,0.31569457054138184,"[20,40)","[0.25,0.40)"
case_01319,tracking,false_positive,pedestrian,23.47881487023888,0.2754954695701599,"[20,40)","[0.25,0.40)"
case_01320,tracking,false_positive,pedestrian,21.07525782270608,0.25844109058380127,"[20,40)","[0.25,0.40)"
case_01321,tracking,false_positive,car,45.17763690210047,0.3576643466949463,"[40,+inf)","[0.25,0.40)"
case_01322,tracking,false_positive,pedestrian,31.683312395721217,0.6033450365066528,"[20,40)","[0.60,0.80)"
case_01323,tracking,false_positive,pedestrian,31.35457340219151,0.3952520191669464,"[20,40)","[0.25,0.40)"
case_01324,tracking,false_positive,pedestrian,26.937872942120546,0.2971600890159607,"[20,40)","[0.25,0.40)"
case_01325,tracking,false_positive,pedestrian,39.80166487369009,0.28249767422676086,"[20,40)","[0.25,0.40)"
case_01326,tracking,center_error_over_1m,pedestrian,29.312164896180406,0.7230650186538696,"[20,40)","[0.60,0.80)"
case_01327,tracking,id_switch,pedestrian,25.199922321791817,0.7858656644821167,"[20,40)","[0.60,0.80)"
case_01329,tracking,id_switch,pedestrian,31.501686316902962,0.7614324688911438,"[20,40)","[0.60,0.80)"
case_01330,tracking,false_positive,car,34.784096314561204,0.40059956908226013,"[20,40)","[0.40,0.60)"
case_01331,tracking,false_positive,motorcycle,39.09543010260051,0.30017033219337463,"[20,40)","[0.25,0.40)"
case_01332,tracking,false_positive,motorcycle,32.64479618933982,0.25547710061073303,"[20,40)","[0.25,0.40)"
case_01333,tracking,false_positive,pedestrian,32.665740782975305,0.6993049383163452,"[20,40)","[0.60,0.80)"
case_01334,tracking,false_positive,pedestrian,28.938184435348415,0.6962426900863647,"[20,40)","[0.60,0.80)"
case_01335,tracking,false_positive,pedestrian,22.976945881544097,0.5939202308654785,"[20,40)","[0.40,0.60)"
case_01336,tracking,false_positive,pedestrian,27.63335509274969,0.527398943901062,"[20,40)","[0.40,0.60)"
case_01337,tracking,false_positive,pedestrian,23.485188709861607,0.41211220622062683,"[20,40)","[0.40,0.60)"
case_01338,tracking,false_positive,pedestrian,23.3636138468363,0.34908154606819153,"[20,40)","[0.25,0.40)"
case_01339,tracking,false_positive,pedestrian,22.059085331055755,0.34080076217651367,"[20,40)","[0.25,0.40)"
case_01340,tracking,false_positive,pedestrian,27.230133207051555,0.33520907163619995,"[20,40)","[0.25,0.40)"
case_01341,tracking,false_positive,pedestrian,27.545519629256386,0.3304832875728607,"[20,40)","[0.25,0.40)"
case_01342,tracking,false_positive,pedestrian,28.483653564332432,0.3070276081562042,"[20,40)","[0.25,0.40)"
case_01343,tracking,false_positive,pedestrian,31.36170777370431,0.28533005714416504,"[20,40)","[0.25,0.40)"
case_01344,tracking,false_positive,pedestrian,25.285896209083408,0.28185173869132996,"[20,40)","[0.25,0.40)"
case_01345,tracking,false_positive,pedestrian,34.427745430281924,0.25864535570144653,"[20,40)","[0.25,0.40)"
case_01346,tracking,false_positive,motorcycle,22.31190997853362,0.3295239210128784,"[20,40)","[0.25,0.40)"
case_01347,tracking,false_positive,pedestrian,34.99731128574172,0.42309191823005676,"[20,40)","[0.40,0.60)"
case_01348,tracking,false_positive,pedestrian,24.028935131464564,0.2525642514228821,"[20,40)","[0.25,0.40)"
case_01349,tracking,center_error_over_1m,pedestrian,27.212122621809804,0.7343581914901733,"[20,40)","[0.60,0.80)"
case_01350,tracking,id_switch,pedestrian,31.60096520207193,0.4022385776042938,"[20,40)","[0.40,0.60)"
case_01351,tracking,id_switch,pedestrian,30.847169998614557,0.7034031748771667,"[20,40)","[0.60,0.80)"
case_01352,tracking,false_negative,car,47.91899496597766,,"[40,+inf)",N/A (FN)
case_01353,tracking,false_positive,car,37.7250927002318,0.44361600279808044,"[20,40)","[0.40,0.60)"
case_01354,tracking,false_positive,car,44.774087426165075,0.30917859077453613,"[40,+inf)","[0.25,0.40)"
case_01355,tracking,false_positive,car,48.432995605433,0.2998867332935333,"[40,+inf)","[0.25,0.40)"
case_01356,tracking,false_positive,car,40.38004149905273,0.2960055470466614,"[40,+inf)","[0.25,0.40)"
case_01357,tracking,false_positive,car,41.41329234147322,0.26846063137054443,"[40,+inf)","[0.25,0.40)"
case_01358,tracking,false_positive,pedestrian,29.92115309389571,0.7306961417198181,"[20,40)","[0.60,0.80)"
case_01359,tracking,false_positive,pedestrian,28.979999741271442,0.48573529720306396,"[20,40)","[0.40,0.60)"
case_01360,tracking,false_positive,pedestrian,24.126095096031936,0.44789740443229675,"[20,40)","[0.40,0.60)"
case_01361,tracking,false_positive,pedestrian,31.271588478618423,0.4400045871734619,"[20,40)","[0.40,0.60)"
case_01362,tracking,false_positive,pedestrian,26.76789723312577,0.4119029641151428,"[20,40)","[0.40,0.60)"
case_01363,tracking,false_positive,pedestrian,31.75401675533953,0.30190107226371765,"[20,40)","[0.25,0.40)"
case_01364,tracking,false_positive,pedestrian,31.80085024968126,0.2759488821029663,"[20,40)","[0.25,0.40)"
case_01365,tracking,false_positive,pedestrian,23.570721577340986,0.2684526741504669,"[20,40)","[0.25,0.40)"
case_01366,tracking,false_positive,pedestrian,21.482542590088293,0.26362818479537964,"[20,40)","[0.25,0.40)"
case_01367,tracking,false_positive,pedestrian,25.852146070120735,0.2622261941432953,"[20,40)","[0.25,0.40)"
case_01368,tracking,false_positive,pedestrian,22.26302454859952,0.25871723890304565,"[20,40)","[0.25,0.40)"
case_01369,tracking,false_positive,pedestrian,30.77203611797914,0.4387456178665161,"[20,40)","[0.40,0.60)"
case_01370,tracking,false_positive,pedestrian,36.476884120399795,0.3787943422794342,"[20,40)","[0.25,0.40)"
case_01371,tracking,false_positive,pedestrian,29.17504674775765,0.3444838523864746,"[20,40)","[0.25,0.40)"
case_01372,tracking,false_positive,pedestrian,32.350395707077986,0.3074340224266052,"[20,40)","[0.25,0.40)"
case_01373,tracking,false_positive,pedestrian,27.00522954003938,0.29731476306915283,"[20,40)","[0.25,0.40)"
case_01374,tracking,center_error_over_1m,pedestrian,25.496345265191174,0.5722742676734924,"[20,40)","[0.40,0.60)"
case_01375,tracking,center_error_over_1m,pedestrian,22.74702964530808,0.5686033368110657,"[20,40)","[0.40,0.60)"
case_01376,tracking,id_switch,pedestrian,22.74702964530808,0.5686033368110657,"[20,40)","[0.40,0.60)"
case_01377,tracking,id_switch,pedestrian,28.933299541880885,0.7109799385070801,"[20,40)","[0.60,0.80)"
case_01379,tracking,id_switch,pedestrian,26.591908158352282,0.8705182671546936,"[20,40)","[0.80,1.00]"
case_01380,tracking,false_positive,car,45.74108203973618,0.3836195766925812,"[40,+inf)","[0.25,0.40)"
case_01381,tracking,false_positive,car,36.38866885250642,0.3093482255935669,"[20,40)","[0.25,0.40)"
case_01382,tracking,false_positive,car,35.77901180037645,0.27534952759742737,"[20,40)","[0.25,0.40)"
case_01383,tracking,false_positive,car,39.26530511648987,0.2611455023288727,"[20,40)","[0.25,0.40)"
case_01384,tracking,false_positive,bicycle,29.52143854017587,0.2665269672870636,"[20,40)","[0.25,0.40)"
case_01385,tracking,false_positive,pedestrian,23.230228526977932,0.7690324783325195,"[20,40)","[0.60,0.80)"
case_01386,tracking,false_positive,pedestrian,27.478518087779847,0.7360901236534119,"[20,40)","[0.60,0.80)"
case_01387,tracking,false_positive,pedestrian,24.477583444772897,0.6702853441238403,"[20,40)","[0.60,0.80)"
case_01388,tracking,false_positive,pedestrian,25.74663784494109,0.6407772302627563,"[20,40)","[0.60,0.80)"
case_01389,tracking,false_positive,pedestrian,28.653709420193678,0.5272167921066284,"[20,40)","[0.40,0.60)"
case_01390,tracking,false_positive,pedestrian,23.60267592808089,0.5180001854896545,"[20,40)","[0.40,0.60)"
case_01391,tracking,false_positive,pedestrian,27.631045931580672,0.4081888794898987,"[20,40)","[0.40,0.60)"
case_01392,tracking,false_positive,pedestrian,27.992117093670366,0.4032377302646637,"[20,40)","[0.40,0.60)"
case_01393,tracking,false_positive,pedestrian,21.737667896430253,0.3785516619682312,"[20,40)","[0.25,0.40)"
case_01394,tracking,false_positive,pedestrian,26.400534237639405,0.3174861967563629,"[20,40)","[0.25,0.40)"
case_01395,tracking,false_positive,pedestrian,24.958776472706482,0.2762735188007355,"[20,40)","[0.25,0.40)"
case_01396,tracking,false_positive,car,48.497041180047766,0.38810601830482483,"[40,+inf)","[0.25,0.40)"
case_01397,tracking,false_positive,pedestrian,24.37980175653868,0.47950083017349243,"[20,40)","[0.40,0.60)"
case_01398,tracking,false_positive,pedestrian,24.101906808776004,0.45251473784446716,"[20,40)","[0.40,0.60)"
case_01399,tracking,false_positive,pedestrian,23.270987420428828,0.4137606918811798,"[20,40)","[0.40,0.60)"
case_01400,tracking,center_error_over_1m,pedestrian,24.201024144554726,0.7777549028396606,"[20,40)","[0.60,0.80)"
case_01401,tracking,center_error_over_1m,pedestrian,23.222352623967687,0.6999918222427368,"[20,40)","[0.60,0.80)"
case_01402,tracking,center_error_over_1m,pedestrian,27.84265102995221,0.5324079394340515,"[20,40)","[0.40,0.60)"
case_01403,tracking,center_error_over_1m,car,35.52848054501549,0.3284894824028015,"[20,40)","[0.25,0.40)"
case_01404,tracking,gap_id_change,pedestrian,27.498283648803174,0.7437517046928406,"[20,40)","[0.60,0.80)"
case_01405,tracking,gap_id_change,pedestrian,32.58201070418619,0.4245480000972748,"[20,40)","[0.40,0.60)"
case_01406,tracking,id_switch,pedestrian,26.749041407473968,0.5029215812683105,"[20,40)","[0.40,0.60)"
case_01408,tracking,id_switch,pedestrian,23.85282346893018,0.6192478537559509,"[20,40)","[0.60,0.80)"
case_01409,tracking,gap_id_change,pedestrian,27.679364828275915,0.5772183537483215,"[20,40)","[0.40,0.60)"
case_01411,tracking,false_negative,pedestrian,19.656394794304727,,"[10,20)",N/A (FN)
case_01412,tracking,false_positive,car,35.45304227382567,0.3614732325077057,"[20,40)","[0.25,0.40)"
case_01413,tracking,false_positive,car,40.8088953297319,0.2986520528793335,"[40,+inf)","[0.25,0.40)"
case_01414,tracking,false_positive,car,43.26733252283036,0.2910066545009613,"[40,+inf)","[0.25,0.40)"
case_01415,tracking,false_positive,bicycle,24.983331977750204,0.2791629135608673,"[20,40)","[0.25,0.40)"
case_01416,tracking,false_positive,pedestrian,25.59108320757975,0.8527392745018005,"[20,40)","[0.80,1.00]"
case_01417,tracking,false_positive,pedestrian,24.211457351837247,0.7424896359443665,"[20,40)","[0.60,0.80)"
case_01418,tracking,false_positive,pedestrian,26.788783275684676,0.6656389236450195,"[20,40)","[0.60,0.80)"
case_01419,tracking,false_positive,pedestrian,24.821753900704064,0.6161323189735413,"[20,40)","[0.60,0.80)"
case_01420,tracking,false_positive,pedestrian,23.356847087774064,0.572611927986145,"[20,40)","[0.40,0.60)"
case_01421,tracking,false_positive,pedestrian,25.10806767044801,0.5460061430931091,"[20,40)","[0.40,0.60)"
case_01422,tracking,false_positive,pedestrian,23.92670638005121,0.5342867970466614,"[20,40)","[0.40,0.60)"
case_01423,tracking,false_positive,pedestrian,22.63004083153463,0.41155338287353516,"[20,40)","[0.40,0.60)"
case_01424,tracking,false_positive,pedestrian,27.910031403622618,0.37969866394996643,"[20,40)","[0.25,0.40)"
case_01425,tracking,false_positive,pedestrian,28.544566098941516,0.3745814561843872,"[20,40)","[0.25,0.40)"
case_01426,tracking,false_positive,pedestrian,21.88878583608279,0.3342679440975189,"[20,40)","[0.25,0.40)"
case_01427,tracking,false_positive,pedestrian,24.99072189594038,0.32785701751708984,"[20,40)","[0.25,0.40)"
case_01428,tracking,false_positive,pedestrian,31.798769036784673,0.31325656175613403,"[20,40)","[0.25,0.40)"
case_01429,tracking,false_positive,pedestrian,21.748958578602227,0.29740265011787415,"[20,40)","[0.25,0.40)"
case_01430,tracking,false_positive,pedestrian,24.241423331412516,0.286243736743927,"[20,40)","[0.25,0.40)"
case_01431,tracking,false_positive,pedestrian,25.405851625268753,0.2743228077888489,"[20,40)","[0.25,0.40)"
case_01432,tracking,false_positive,pedestrian,24.613066726010093,0.26703816652297974,"[20,40)","[0.25,0.40)"
case_01433,tracking,false_positive,pedestrian,25.212277904999787,0.2557617127895355,"[20,40)","[0.25,0.40)"
case_01434,tracking,false_positive,pedestrian,25.974131251506048,0.4826565682888031,"[20,40)","[0.40,0.60)"
case_01435,tracking,false_positive,pedestrian,25.345129726902197,0.4116927981376648,"[20,40)","[0.40,0.60)"
case_01436,tracking,false_positive,pedestrian,11.602736814659037,0.3668266832828522,"[10,20)","[0.25,0.40)"
case_01437,tracking,false_positive,pedestrian,27.81238310427654,0.3283250033855438,"[20,40)","[0.25,0.40)"
case_01438,tracking,false_positive,pedestrian,24.63599231619673,0.30078864097595215,"[20,40)","[0.25,0.40)"
case_01439,tracking,false_positive,pedestrian,27.818507977723694,0.2962639033794403,"[20,40)","[0.25,0.40)"
case_01440,tracking,false_positive,pedestrian,27.69197424037656,0.2873382568359375,"[20,40)","[0.25,0.40)"
case_01441,tracking,false_positive,pedestrian,25.733595052197067,0.2505021393299103,"[20,40)","[0.25,0.40)"
case_01442,tracking,center_error_over_1m,pedestrian,23.293253496800098,0.6375652551651001,"[20,40)","[0.60,0.80)"
case_01443,tracking,center_error_over_1m,pedestrian,25.493037081110288,0.7912536263465881,"[20,40)","[0.60,0.80)"
case_01444,tracking,center_error_over_1m,pedestrian,25.661323771518745,0.2986007034778595,"[20,40)","[0.25,0.40)"
case_01445,tracking,center_error_over_1m,pedestrian,24.43865837025851,0.43192818760871887,"[20,40)","[0.40,0.60)"
case_01446,tracking,id_switch,pedestrian,24.43865837025851,0.43192818760871887,"[20,40)","[0.40,0.60)"
case_01448,tracking,id_switch,pedestrian,26.636858116348098,0.4167494475841522,"[20,40)","[0.40,0.60)"
case_01449,tracking,id_switch,car,32.46962012859699,0.4718937575817108,"[20,40)","[0.40,0.60)"
case_01451,tracking,false_negative,pedestrian,17.094517435558853,,"[10,20)",N/A (FN)
case_01452,tracking,false_positive,car,42.262465345722696,0.563048779964447,"[40,+inf)","[0.40,0.60)"
case_01453,tracking,false_positive,car,40.01392106024535,0.28862515091896057,"[40,+inf)","[0.25,0.40)"
case_01454,tracking,false_positive,car,45.93353868691812,0.2872731685638428,"[40,+inf)","[0.25,0.40)"
case_01455,tracking,false_positive,motorcycle,24.51974696462734,0.41081857681274414,"[20,40)","[0.40,0.60)"
case_01456,tracking,false_positive,bicycle,25.168644077114397,0.3427280783653259,"[20,40)","[0.25,0.40)"
case_01457,tracking,false_positive,bicycle,33.14764412193436,0.2562274932861328,"[20,40)","[0.25,0.40)"
case_01458,tracking,false_positive,pedestrian,25.394613214441687,0.7687703967094421,"[20,40)","[0.60,0.80)"
case_01459,tracking,false_positive,pedestrian,19.9121595210278,0.7448460459709167,"[10,20)","[0.60,0.80)"
case_01460,tracking,false_positive,pedestrian,22.812112204678183,0.693210244178772,"[20,40)","[0.60,0.80)"
case_01461,tracking,false_positive,pedestrian,23.279548085041377,0.686203122138977,"[20,40)","[0.60,0.80)"
case_01462,tracking,false_positive,pedestrian,24.563832313741937,0.6769994497299194,"[20,40)","[0.60,0.80)"
case_01463,tracking,false_positive,pedestrian,27.089468993781953,0.5926323533058167,"[20,40)","[0.40,0.60)"
case_01464,tracking,false_positive,pedestrian,24.901868395228025,0.5786805152893066,"[20,40)","[0.40,0.60)"
case_01465,tracking,false_positive,pedestrian,24.32183720613693,0.558953583240509,"[20,40)","[0.40,0.60)"
case_01466,tracking,false_positive,pedestrian,19.49436823136162,0.5525716543197632,"[10,20)","[0.40,0.60)"
case_01467,tracking,false_positive,pedestrian,20.371786327691005,0.544890820980072,"[20,40)","[0.40,0.60)"
case_01468,tracking,false_positive,pedestrian,26.711070206932774,0.43916139006614685,"[20,40)","[0.40,0.60)"
case_01469,tracking,false_positive,pedestrian,22.12064904280197,0.4064052700996399,"[20,40)","[0.40,0.60)"
case_01470,tracking,false_positive,pedestrian,25.603840027339963,0.35797056555747986,"[20,40)","[0.25,0.40)"
case_01471,tracking,false_positive,pedestrian,22.052548694792073,0.35557201504707336,"[20,40)","[0.25,0.40)"
case_01472,tracking,false_positive,pedestrian,18.47683586803176,0.3547322154045105,"[10,20)","[0.25,0.40)"
case_01473,tracking,false_positive,pedestrian,11.884570021713577,0.3139926791191101,"[10,20)","[0.25,0.40)"
case_01474,tracking,false_positive,pedestrian,26.547434220721488,0.2715202271938324,"[20,40)","[0.25,0.40)"
case_01475,tracking,false_positive,truck,39.97390921330844,0.2860049903392792,"[20,40)","[0.25,0.40)"
case_01476,tracking,false_positive,motorcycle,35.83667133689922,0.2579748034477234,"[20,40)","[0.25,0.40)"
case_01477,tracking,false_positive,pedestrian,19.11384618219975,0.4668762683868408,"[10,20)","[0.40,0.60)"
case_01478,tracking,false_positive,pedestrian,27.029441097657834,0.3994571566581726,"[20,40)","[0.25,0.40)"
case_01479,tracking,false_positive,pedestrian,39.46521557230221,0.3147123456001282,"[20,40)","[0.25,0.40)"
case_01480,tracking,false_positive,pedestrian,19.145479690629184,0.2761242389678955,"[10,20)","[0.25,0.40)"
case_01481,tracking,center_error_over_1m,pedestrian,25.322982265100027,0.7875687479972839,"[20,40)","[0.60,0.80)"
case_01482,tracking,center_error_over_1m,pedestrian,26.85328318930055,0.33284085988998413,"[20,40)","[0.25,0.40)"
case_01483,tracking,center_error_over_1m,pedestrian,22.741390440471484,0.6819359064102173,"[20,40)","[0.60,0.80)"
case_01484,tracking,center_error_over_1m,car,30.027842738267747,0.42560020089149475,"[20,40)","[0.40,0.60)"
case_01487,tracking,false_positive,car,48.327071528538745,0.43075552582740784,"[40,+inf)","[0.40,0.60)"
case_01488,tracking,false_positive,car,36.570639231084876,0.32329630851745605,"[20,40)","[0.25,0.40)"
case_01489,tracking,false_positive,bicycle,30.877893754723097,0.2957920432090759,"[20,40)","[0.25,0.40)"
case_01490,tracking,false_positive,bicycle,30.56229839741086,0.2574447989463806,"[20,40)","[0.25,0.40)"
case_01491,tracking,false_positive,pedestrian,23.45535317254402,0.7947951555252075,"[20,40)","[0.60,0.80)"
case_01492,tracking,false_positive,pedestrian,24.72882816044748,0.773404598236084,"[20,40)","[0.60,0.80)"
case_01493,tracking,false_positive,pedestrian,26.725925736599972,0.7439203262329102,"[20,40)","[0.60,0.80)"
case_01494,tracking,false_positive,pedestrian,21.244931811537032,0.7255603671073914,"[20,40)","[0.60,0.80)"
case_01495,tracking,false_positive,pedestrian,28.370060009377156,0.5959258675575256,"[20,40)","[0.40,0.60)"
case_01496,tracking,false_positive,pedestrian,27.525867344244404,0.5725749731063843,"[20,40)","[0.40,0.60)"
case_01497,tracking,false_positive,pedestrian,23.0939375997295,0.5365712642669678,"[20,40)","[0.40,0.60)"
case_01498,tracking,false_positive,pedestrian,18.189441621056627,0.46892043948173523,"[10,20)","[0.40,0.60)"
case_01499,tracking,false_positive,pedestrian,8.18324469755612,0.37522217631340027,"[0,10)","[0.25,0.40)"
case_01500,tracking,false_positive,pedestrian,23.00232138024093,0.3669789135456085,"[20,40)","[0.25,0.40)"
case_01501,tracking,false_positive,pedestrian,16.74833974473761,0.3253350853919983,"[10,20)","[0.25,0.40)"
case_01502,tracking,false_positive,pedestrian,23.114374755072426,0.32355234026908875,"[20,40)","[0.25,0.40)"
case_01503,tracking,false_positive,pedestrian,32.43865391032834,0.29935067892074585,"[20,40)","[0.25,0.40)"
case_01504,tracking,false_positive,pedestrian,18.02203499007774,0.2823302745819092,"[10,20)","[0.25,0.40)"
case_01505,tracking,false_positive,pedestrian,26.98966674832869,0.27941644191741943,"[20,40)","[0.25,0.40)"
case_01506,tracking,false_positive,pedestrian,22.839227192615766,0.27624455094337463,"[20,40)","[0.25,0.40)"
case_01507,tracking,false_positive,truck,45.42044188543397,0.28286081552505493,"[40,+inf)","[0.25,0.40)"
case_01508,tracking,false_positive,truck,48.45204769417453,0.2661982476711273,"[40,+inf)","[0.25,0.40)"
case_01509,tracking,false_positive,trailer,48.36879856289493,0.25905293226242065,"[40,+inf)","[0.25,0.40)"
case_01510,tracking,false_positive,pedestrian,20.87546504171124,0.5234116315841675,"[20,40)","[0.40,0.60)"
case_01511,tracking,false_positive,pedestrian,22.3465167630662,0.3171623647212982,"[20,40)","[0.25,0.40)"
case_01512,tracking,false_positive,pedestrian,22.704089622299254,0.3020893931388855,"[20,40)","[0.25,0.40)"
case_01513,tracking,false_positive,pedestrian,18.702226406040502,0.2721177041530609,"[10,20)","[0.25,0.40)"
case_01514,tracking,center_error_over_1m,pedestrian,21.21448187185893,0.5520740747451782,"[20,40)","[0.40,0.60)"
case_01516,tracking,gap_id_change,pedestrian,22.089739690169733,0.4061369001865387,"[20,40)","[0.40,0.60)"
case_01517,tracking,gap_id_change,pedestrian,32.271289019366876,0.25373896956443787,"[20,40)","[0.25,0.40)"
case_01518,tracking,id_switch,pedestrian,16.557477083548612,0.6372423768043518,"[10,20)","[0.60,0.80)"
case_01519,tracking,id_switch,pedestrian,28.286316795637862,0.26757603883743286,"[20,40)","[0.25,0.40)"
case_01520,tracking,false_negative,car,36.75091775523901,,"[20,40)",N/A (FN)
case_01521,tracking,false_positive,car,25.52930598294268,0.4663226902484894,"[20,40)","[0.40,0.60)"
case_01522,tracking,false_positive,car,43.078869988002694,0.3162457048892975,"[40,+inf)","[0.25,0.40)"
case_01523,tracking,false_positive,car,39.90333398834481,0.2796691060066223,"[20,40)","[0.25,0.40)"
case_01524,tracking,false_positive,car,46.06904705804146,0.27642622590065,"[40,+inf)","[0.25,0.40)"
case_01525,tracking,false_positive,bicycle,26.671903913120673,0.29916656017303467,"[20,40)","[0.25,0.40)"
case_01526,tracking,false_positive,pedestrian,24.138024585467985,0.7169649600982666,"[20,40)","[0.60,0.80)"
case_01527,tracking,false_positive,pedestrian,15.081698636923944,0.6545199751853943,"[10,20)","[0.60,0.80)"
case_01528,tracking,false_positive,pedestrian,28.42120275511217,0.5747207403182983,"[20,40)","[0.40,0.60)"
case_01529,tracking,false_positive,pedestrian,21.69970368449864,0.5649359226226807,"[20,40)","[0.40,0.60)"
case_01530,tracking,false_positive,pedestrian,23.642053582476482,0.5563204884529114,"[20,40)","[0.40,0.60)"
case_01531,tracking,false_positive,pedestrian,21.99040855812107,0.4019443094730377,"[20,40)","[0.40,0.60)"
case_01532,tracking,false_positive,pedestrian,39.0689954381752,0.37272658944129944,"[20,40)","[0.25,0.40)"
case_01533,tracking,false_positive,pedestrian,14.505025004875936,0.37017321586608887,"[10,20)","[0.25,0.40)"
case_01534,tracking,false_positive,pedestrian,39.43961208164358,0.334031879901886,"[20,40)","[0.25,0.40)"
case_01535,tracking,false_positive,pedestrian,25.120505220765427,0.31837326288223267,"[20,40)","[0.25,0.40)"
case_01536,tracking,false_positive,pedestrian,29.18224846193159,0.2818123400211334,"[20,40)","[0.25,0.40)"
case_01537,tracking,false_positive,pedestrian,26.776613009031934,0.2716549336910248,"[20,40)","[0.25,0.40)"
case_01538,tracking,false_positive,pedestrian,27.470828514557713,0.2647886574268341,"[20,40)","[0.25,0.40)"
case_01539,tracking,false_positive,pedestrian,16.756386205068043,0.2570880055427551,"[10,20)","[0.25,0.40)"
case_01540,tracking,false_positive,truck,46.93125012968119,0.5677723288536072,"[40,+inf)","[0.40,0.60)"
case_01541,tracking,false_positive,bicycle,38.85951977003439,0.29698434472084045,"[20,40)","[0.25,0.40)"
case_01542,tracking,false_positive,pedestrian,16.15411868600736,0.412549763917923,"[10,20)","[0.40,0.60)"
case_01543,tracking,false_positive,pedestrian,21.73205529492082,0.31462135910987854,"[20,40)","[0.25,0.40)"
case_01544,tracking,false_positive,pedestrian,12.334367596734301,0.28352051973342896,"[10,20)","[0.25,0.40)"
case_01545,tracking,false_positive,pedestrian,14.21028663925427,0.2728809714317322,"[10,20)","[0.25,0.40)"
case_01546,tracking,id_switch,pedestrian,29.25071995640495,0.25666457414627075,"[20,40)","[0.25,0.40)"
case_01547,tracking,id_switch,pedestrian,20.80019374928654,0.7257265448570251,"[20,40)","[0.60,0.80)"
case_01548,tracking,id_switch,pedestrian,25.180950069104,0.7988293170928955,"[20,40)","[0.60,0.80)"
case_01549,tracking,id_switch,pedestrian,20.017657064852497,0.7002205848693848,"[20,40)","[0.60,0.80)"
case_01550,tracking,id_switch,pedestrian,29.62215416971741,0.396028608083725,"[20,40)","[0.25,0.40)"
case_01551,tracking,false_negative,car,37.13630000502273,,"[20,40)",N/A (FN)
case_01552,tracking,false_positive,car,44.31518458571623,0.34527140855789185,"[40,+inf)","[0.25,0.40)"
case_01553,tracking,false_positive,car,44.63221528738834,0.2661897838115692,"[40,+inf)","[0.25,0.40)"
case_01554,tracking,false_positive,truck,49.173413951950906,0.308775395154953,"[40,+inf)","[0.25,0.40)"
case_01555,tracking,false_positive,motorcycle,23.18674995397319,0.5312787294387817,"[20,40)","[0.40,0.60)"
case_01556,tracking,false_positive,bicycle,13.201684908797034,0.3728688359260559,"[10,20)","[0.25,0.40)"
case_01557,tracking,false_positive,pedestrian,25.2005845673931,0.7814385890960693,"[20,40)","[0.60,0.80)"
case_01558,tracking,false_positive,pedestrian,16.60765470548859,0.6983808279037476,"[10,20)","[0.60,0.80)"
case_01559,tracking,false_positive,pedestrian,16.619673246219048,0.5838293433189392,"[10,20)","[0.40,0.60)"
case_01560,tracking,false_positive,pedestrian,19.321620518145703,0.4763948321342468,"[10,20)","[0.40,0.60)"
case_01561,tracking,false_positive,pedestrian,26.848286720431826,0.37218427658081055,"[20,40)","[0.25,0.40)"
case_01562,tracking,false_positive,pedestrian,31.0142270228359,0.36657044291496277,"[20,40)","[0.25,0.40)"
case_01563,tracking,false_positive,pedestrian,24.840070294047603,0.32618775963783264,"[20,40)","[0.25,0.40)"
case_01564,tracking,false_positive,pedestrian,25.586177405152505,0.3248348534107208,"[20,40)","[0.25,0.40)"
case_01565,tracking,false_positive,pedestrian,16.13680792263984,0.3167172372341156,"[10,20)","[0.25,0.40)"
case_01566,tracking,false_positive,pedestrian,21.303935109242495,0.2905808985233307,"[20,40)","[0.25,0.40)"
case_01567,tracking,false_positive,pedestrian,12.691602462129303,0.2703116238117218,"[10,20)","[0.25,0.40)"
case_01568,tracking,false_positive,car,42.7905511663319,0.3447646200656891,"[40,+inf)","[0.25,0.40)"
case_01569,tracking,false_positive,car,47.38608822156598,0.34015199542045593,"[40,+inf)","[0.25,0.40)"
case_01570,tracking,false_positive,car,26.307892234733643,0.28793397545814514,"[20,40)","[0.25,0.40)"
case_01571,tracking,false_positive,car,41.77159978010321,0.25294241309165955,"[40,+inf)","[0.25,0.40)"
case_01572,tracking,false_positive,pedestrian,30.251052468595073,0.3440554738044739,"[20,40)","[0.25,0.40)"
case_01573,tracking,center_error_over_1m,pedestrian,25.111525965924177,0.7014685273170471,"[20,40)","[0.60,0.80)"
case_01574,tracking,center_error_over_1m,truck,42.710315360652146,0.5714068412780762,"[40,+inf)","[0.40,0.60)"
case_01575,tracking,center_error_over_1m,pedestrian,31.604331934513684,0.44901347160339355,"[20,40)","[0.40,0.60)"
case_01577,tracking,id_switch,pedestrian,30.05628937227865,0.47793805599212646,"[20,40)","[0.40,0.60)"
case_01578,tracking,id_switch,pedestrian,13.148512396745888,0.67725670337677,"[10,20)","[0.60,0.80)"
case_01579,tracking,id_switch,pedestrian,31.604331934513684,0.44901347160339355,"[20,40)","[0.40,0.60)"
case_01580,tracking,gap_id_change,pedestrian,21.274430239000917,0.7895987033843994,"[20,40)","[0.60,0.80)"
case_01581,tracking,gap_id_change,car,23.098762971701756,0.2954040467739105,"[20,40)","[0.25,0.40)"
case_01582,tracking,false_negative,pedestrian,33.341270946488265,,"[20,40)",N/A (FN)
case_01583,tracking,false_positive,car,42.5281685403376,0.2858905792236328,"[40,+inf)","[0.25,0.40)"
case_01584,tracking,false_positive,car,41.38837686115738,0.2638615369796753,"[40,+inf)","[0.25,0.40)"
case_01585,tracking,false_positive,motorcycle,20.954459492238442,0.5412065982818604,"[20,40)","[0.40,0.60)"
case_01586,tracking,false_positive,bicycle,24.289717053942404,0.37132763862609863,"[20,40)","[0.25,0.40)"
case_01587,tracking,false_positive,bicycle,28.598373042830072,0.3100072741508484,"[20,40)","[0.25,0.40)"
case_01588,tracking,false_positive,motorcycle,34.903100445008626,0.28402793407440186,"[20,40)","[0.25,0.40)"
case_01589,tracking,false_positive,bicycle,22.591441276078395,0.2564353346824646,"[20,40)","[0.25,0.40)"
case_01590,tracking,false_positive,bicycle,27.21810042839387,0.25425827503204346,"[20,40)","[0.25,0.40)"
case_01591,tracking,false_positive,pedestrian,19.94610658744793,0.6810581088066101,"[10,20)","[0.60,0.80)"
case_01592,tracking,false_positive,pedestrian,26.459368784264427,0.664309561252594,"[20,40)","[0.60,0.80)"
case_01593,tracking,false_positive,pedestrian,27.68392195158843,0.3823673129081726,"[20,40)","[0.25,0.40)"
case_01594,tracking,false_positive,pedestrian,26.695385137632645,0.35149362683296204,"[20,40)","[0.25,0.40)"
case_01595,tracking,false_positive,pedestrian,25.810969711773545,0.34337615966796875,"[20,40)","[0.25,0.40)"
case_01596,tracking,false_positive,pedestrian,10.649779294505034,0.3403465747833252,"[10,20)","[0.25,0.40)"
case_01597,tracking,false_positive,pedestrian,26.092829166985023,0.3253350853919983,"[20,40)","[0.25,0.40)"
case_01598,tracking,false_positive,pedestrian,10.665572192439841,0.3197472393512726,"[10,20)","[0.25,0.40)"
case_01599,tracking,false_positive,pedestrian,29.246833665970293,0.3111424446105957,"[20,40)","[0.25,0.40)"
case_01600,tracking,false_positive,pedestrian,9.610528520942285,0.26352712512016296,"[0,10)","[0.25,0.40)"
case_01601,tracking,false_positive,pedestrian,14.775095927117427,0.2536536753177643,"[10,20)","[0.25,0.40)"
case_01602,tracking,false_positive,bicycle,22.200495301769973,0.2743084132671356,"[20,40)","[0.25,0.40)"
case_01603,tracking,false_positive,pedestrian,20.485224417210667,0.6807126998901367,"[20,40)","[0.60,0.80)"
case_01604,tracking,false_positive,pedestrian,10.775907259195755,0.5845043659210205,"[10,20)","[0.40,0.60)"
case_01605,tracking,false_positive,pedestrian,11.18102549997794,0.3006156086921692,"[10,20)","[0.25,0.40)"
case_01606,tracking,false_positive,pedestrian,11.678532331685433,0.29179301857948303,"[10,20)","[0.25,0.40)"
case_01607,tracking,false_positive,pedestrian,12.654243021635672,0.2842131555080414,"[10,20)","[0.25,0.40)"
case_01608,tracking,false_positive,pedestrian,27.363266711784103,0.2741871476173401,"[20,40)","[0.25,0.40)"
case_01609,tracking,center_error_over_1m,pedestrian,26.393459946448207,0.6716395616531372,"[20,40)","[0.60,0.80)"
case_01611,tracking,id_switch,pedestrian,11.545819605428973,0.7871316075325012,"[10,20)","[0.60,0.80)"
case_01612,tracking,gap_id_change,pedestrian,15.910620310025651,0.7460753321647644,"[10,20)","[0.60,0.80)"
case_01614,tracking,false_negative,car,40.600598499976456,,"[40,+inf)",N/A (FN)
case_01615,tracking,false_positive,car,16.49466966829716,0.2509693205356598,"[10,20)","[0.25,0.40)"
case_01616,tracking,false_positive,truck,48.5573742416744,0.2661610245704651,"[40,+inf)","[0.25,0.40)"
case_01617,tracking,false_positive,trailer,21.950263474718923,0.3340490758419037,"[20,40)","[0.25,0.40)"
case_01618,tracking,false_positive,bicycle,34.2202221336023,0.28186604380607605,"[20,40)","[0.25,0.40)"
case_01619,tracking,false_positive,motorcycle,36.92116784237706,0.2748725414276123,"[20,40)","[0.25,0.40)"
case_01620,tracking,false_positive,pedestrian,28.03720387144331,0.6770342588424683,"[20,40)","[0.60,0.80)"
case_01621,tracking,false_positive,pedestrian,15.582532326964907,0.6444339156150818,"[10,20)","[0.60,0.80)"
case_01622,tracking,false_positive,pedestrian,27.978640430057645,0.5773476362228394,"[20,40)","[0.40,0.60)"
case_01623,tracking,false_positive,pedestrian,30.990411244132932,0.46352845430374146,"[20,40)","[0.40,0.60)"
case_01624,tracking,false_positive,pedestrian,34.38862657496624,0.425942987203598,"[20,40)","[0.40,0.60)"
case_01625,tracking,false_positive,pedestrian,8.54068410624624,0.36800616979599,"[0,10)","[0.25,0.40)"
case_01626,tracking,false_positive,pedestrian,19.922351611573884,0.267243891954422,"[10,20)","[0.25,0.40)"
case_01627,tracking,false_positive,pedestrian,13.271278008981787,0.26321446895599365,"[10,20)","[0.25,0.40)"
case_01628,tracking,false_positive,pedestrian,9.967984256316921,0.2547653317451477,"[0,10)","[0.25,0.40)"
case_01629,tracking,false_positive,car,32.4314944950137,0.30436766147613525,"[20,40)","[0.25,0.40)"
case_01630,tracking,false_positive,truck,47.30826886610967,0.25388216972351074,"[40,+inf)","[0.25,0.40)"
case_01631,tracking,false_positive,pedestrian,16.131013673406105,0.2692541480064392,"[10,20)","[0.25,0.40)"
case_01632,tracking,center_error_over_1m,pedestrian,27.972797762225994,0.6683664917945862,"[20,40)","[0.60,0.80)"
case_01633,tracking,center_error_over_1m,pedestrian,35.220444142623556,0.2739301919937134,"[20,40)","[0.25,0.40)"
case_01634,tracking,gap_id_change,pedestrian,35.220444142623556,0.2739301919937134,"[20,40)","[0.25,0.40)"
case_01636,tracking,false_negative,pedestrian,39.746665688915975,,"[20,40)",N/A (FN)
case_01637,tracking,false_positive,car,36.281621085695924,0.36777377128601074,"[20,40)","[0.25,0.40)"
case_01638,tracking,false_positive,car,47.96143697379576,0.29698270559310913,"[40,+inf)","[0.25,0.40)"
case_01639,tracking,false_positive,car,18.569388779856517,0.2602863013744354,"[10,20)","[0.25,0.40)"
case_01640,tracking,false_positive,car,31.625795684727045,0.2568075656890869,"[20,40)","[0.25,0.40)"
case_01641,tracking,false_positive,bicycle,24.098720299779,0.37347134947776794,"[20,40)","[0.25,0.40)"
case_01642,tracking,false_positive,motorcycle,34.603413345423434,0.3588331639766693,"[20,40)","[0.25,0.40)"
case_01643,tracking,false_positive,motorcycle,35.43174807252437,0.35659682750701904,"[20,40)","[0.25,0.40)"
case_01644,tracking,false_positive,pedestrian,18.930015235809535,0.7615540623664856,"[10,20)","[0.60,0.80)"
case_01645,tracking,false_positive,pedestrian,29.791673246476936,0.6987126469612122,"[20,40)","[0.60,0.80)"
case_01646,tracking,false_positive,pedestrian,19.819437569730084,0.6010235548019409,"[10,20)","[0.60,0.80)"
case_01647,tracking,false_positive,pedestrian,36.35697412625871,0.5632567405700684,"[20,40)","[0.40,0.60)"
case_01648,tracking,false_positive,pedestrian,36.86884164160572,0.45463162660598755,"[20,40)","[0.40,0.60)"
case_01649,tracking,false_positive,pedestrian,12.622210417432242,0.4433126151561737,"[10,20)","[0.40,0.60)"
case_01650,tracking,false_positive,pedestrian,10.916259394501402,0.4169098138809204,"[10,20)","[0.40,0.60)"
case_01651,tracking,false_positive,pedestrian,30.1380415983876,0.360465407371521,"[20,40)","[0.25,0.40)"
case_01652,tracking,false_positive,pedestrian,36.700322367258465,0.30584684014320374,"[20,40)","[0.25,0.40)"
case_01653,tracking,false_positive,pedestrian,9.290080741012904,0.29634711146354675,"[0,10)","[0.25,0.40)"
case_01654,tracking,false_positive,truck,43.06869395080366,0.29079145193099976,"[40,+inf)","[0.25,0.40)"
case_01655,tracking,false_positive,bicycle,37.976148478968774,0.3153059482574463,"[20,40)","[0.25,0.40)"
case_01656,tracking,false_positive,bicycle,37.278465394261204,0.29960528016090393,"[20,40)","[0.25,0.40)"
case_01657,tracking,false_positive,bicycle,30.123760279165726,0.2702740728855133,"[20,40)","[0.25,0.40)"
case_01658,tracking,false_positive,pedestrian,30.954184730380167,0.33914440870285034,"[20,40)","[0.25,0.40)"
case_01659,tracking,center_error_over_1m,pedestrian,29.836539270963296,0.6793127059936523,"[20,40)","[0.60,0.80)"
case_01660,tracking,center_error_over_1m,car,45.09807206715618,0.594840407371521,"[40,+inf)","[0.40,0.60)"
case_01663,tracking,gap_id_change,pedestrian,36.70560001470266,0.3925590515136719,"[20,40)","[0.25,0.40)"
case_01664,tracking,false_negative,pedestrian,25.160663647205386,,"[20,40)",N/A (FN)
case_01665,tracking,false_positive,car,39.822964737862264,0.27493953704833984,"[20,40)","[0.25,0.40)"
case_01666,tracking,false_positive,bicycle,37.17380029023172,0.32558536529541016,"[20,40)","[0.25,0.40)"
case_01667,tracking,false_positive,bicycle,31.141441655601685,0.3179919123649597,"[20,40)","[0.25,0.40)"
case_01668,tracking,false_positive,pedestrian,31.52063060528478,0.7939388751983643,"[20,40)","[0.60,0.80)"
case_01669,tracking,false_positive,pedestrian,32.09183500697629,0.7320994138717651,"[20,40)","[0.60,0.80)"
case_01670,tracking,false_positive,pedestrian,37.26916264371153,0.6812135577201843,"[20,40)","[0.60,0.80)"
case_01671,tracking,false_positive,pedestrian,31.564023966833137,0.643562912940979,"[20,40)","[0.60,0.80)"
case_01672,tracking,false_positive,pedestrian,11.05270900470854,0.6172254085540771,"[10,20)","[0.60,0.80)"
case_01673,tracking,false_positive,pedestrian,12.56769758882652,0.5943002700805664,"[10,20)","[0.40,0.60)"
case_01674,tracking,false_positive,pedestrian,38.2827847523101,0.5170653462409973,"[20,40)","[0.40,0.60)"
case_01675,tracking,false_positive,pedestrian,16.394811778332794,0.5022103786468506,"[10,20)","[0.40,0.60)"
case_01676,tracking,false_positive,pedestrian,38.812352036488065,0.456943541765213,"[20,40)","[0.40,0.60)"
case_01677,tracking,false_positive,pedestrian,20.321013785369562,0.4505663216114044,"[20,40)","[0.40,0.60)"
case_01678,tracking,false_positive,pedestrian,8.796752598254049,0.40972900390625,"[0,10)","[0.40,0.60)"
case_01679,tracking,false_positive,pedestrian,38.028539927773096,0.4045816957950592,"[20,40)","[0.40,0.60)"
case_01680,tracking,false_positive,pedestrian,38.08688140717556,0.37270644307136536,"[20,40)","[0.25,0.40)"
case_01681,tracking,false_positive,pedestrian,32.5286953898021,0.35775113105773926,"[20,40)","[0.25,0.40)"
case_01682,tracking,false_positive,pedestrian,34.33641720552357,0.30345767736434937,"[20,40)","[0.25,0.40)"
case_01683,tracking,false_positive,pedestrian,32.02346569754937,0.2955891191959381,"[20,40)","[0.25,0.40)"
case_01684,tracking,false_positive,pedestrian,19.772429934376827,0.2679544687271118,"[10,20)","[0.25,0.40)"
case_01685,tracking,false_positive,pedestrian,39.06376972451463,0.3815845847129822,"[20,40)","[0.25,0.40)"
case_01686,tracking,center_error_over_1m,pedestrian,31.569413181906064,0.6401980519294739,"[20,40)","[0.60,0.80)"
case_01687,tracking,center_error_over_1m,truck,49.18111425757964,0.5491984486579895,"[40,+inf)","[0.40,0.60)"
case_01689,tracking,false_positive,car,43.41493630323298,0.5579250454902649,"[40,+inf)","[0.40,0.60)"
case_01690,tracking,false_positive,truck,49.784217941338824,0.6473303437232971,"[40,+inf)","[0.60,0.80)"
case_01691,tracking,false_positive,truck,44.242771657072346,0.265543669462204,"[40,+inf)","[0.25,0.40)"
case_01692,tracking,false_positive,bicycle,37.18045187522677,0.26369649171829224,"[20,40)","[0.25,0.40)"
case_01693,tracking,false_positive,pedestrian,17.728108749860606,0.641236424446106,"[10,20)","[0.60,0.80)"
case_01694,tracking,false_positive,pedestrian,38.93993674897725,0.6170668601989746,"[20,40)","[0.60,0.80)"
case_01695,tracking,false_positive,pedestrian,33.35634115438901,0.6169372797012329,"[20,40)","[0.60,0.80)"
case_01696,tracking,false_positive,pedestrian,33.59654453707142,0.5114345550537109,"[20,40)","[0.40,0.60)"
case_01697,tracking,false_positive,pedestrian,12.225081587173557,0.4986189603805542,"[10,20)","[0.40,0.60)"
case_01698,tracking,false_positive,pedestrian,33.51017507245765,0.32896557450294495,"[20,40)","[0.25,0.40)"
case_01699,tracking,false_positive,pedestrian,12.95466358234368,0.2988985776901245,"[10,20)","[0.25,0.40)"
case_01700,tracking,false_positive,pedestrian,35.822585978856566,0.276522696018219,"[20,40)","[0.25,0.40)"
case_01701,tracking,false_positive,motorcycle,20.107156617608158,0.38337889313697815,"[20,40)","[0.25,0.40)"
case_01702,tracking,gap_id_change,pedestrian,23.779434872570842,0.5746442675590515,"[20,40)","[0.40,0.60)"
case_01703,tracking,gap_id_change,pedestrian,34.17367239888855,0.607904851436615,"[20,40)","[0.60,0.80)"
case_01704,tracking,gap_id_change,pedestrian,39.493143478304,0.47685059905052185,"[20,40)","[0.40,0.60)"
case_01706,tracking,gap_id_change,pedestrian,22.50307397537004,0.4212071895599365,"[20,40)","[0.40,0.60)"
case_01707,tracking,false_negative,pedestrian,9.76716815592856,,"[0,10)",N/A (FN)
case_01708,tracking,false_negative,car,45.06051625250051,,"[40,+inf)",N/A (FN)
case_01709,tracking,false_negative,pedestrian,32.316520875241636,,"[20,40)",N/A (FN)
case_01710,tracking,false_negative,bicycle,33.33827145664315,,"[20,40)",N/A (FN)
case_01711,tracking,false_positive,car,43.52696342280836,0.28770503401756287,"[40,+inf)","[0.25,0.40)"
case_01712,tracking,false_positive,truck,49.86238868332764,0.2653282582759857,"[40,+inf)","[0.25,0.40)"
case_01713,tracking,false_positive,bicycle,34.83803755132997,0.2995503544807434,"[20,40)","[0.25,0.40)"
case_01714,tracking,false_positive,pedestrian,35.53333630563781,0.5196200013160706,"[20,40)","[0.40,0.60)"
case_01715,tracking,false_positive,pedestrian,13.892707865142311,0.5102426409721375,"[10,20)","[0.40,0.60)"
case_01716,tracking,false_positive,pedestrian,13.863441946397048,0.48838067054748535,"[10,20)","[0.40,0.60)"
case_01717,tracking,false_positive,pedestrian,12.493925709886586,0.3873894512653351,"[10,20)","[0.25,0.40)"
case_01718,tracking,false_positive,pedestrian,37.647575534931015,0.34795644879341125,"[20,40)","[0.25,0.40)"
case_01719,tracking,false_positive,pedestrian,35.68770654971109,0.33595454692840576,"[20,40)","[0.25,0.40)"
case_01720,tracking,false_positive,pedestrian,18.69965442534087,0.3265455663204193,"[10,20)","[0.25,0.40)"
case_01721,tracking,false_positive,pedestrian,11.874609030233257,0.3101417124271393,"[10,20)","[0.25,0.40)"
case_01722,tracking,false_positive,pedestrian,36.7076079127458,0.2525768578052521,"[20,40)","[0.25,0.40)"
case_01723,tracking,false_positive,car,43.602358041615965,0.2882307469844818,"[40,+inf)","[0.25,0.40)"
case_01724,tracking,false_positive,truck,43.718156863363895,0.3676328957080841,"[40,+inf)","[0.25,0.40)"
case_01725,tracking,false_positive,bicycle,19.52685702628306,0.33485904335975647,"[10,20)","[0.25,0.40)"
case_01726,tracking,false_positive,pedestrian,21.593188387340735,0.5093108415603638,"[20,40)","[0.40,0.60)"
case_01727,tracking,false_positive,pedestrian,39.552904134872584,0.29916489124298096,"[20,40)","[0.25,0.40)"
case_01728,tracking,false_positive,pedestrian,11.701565368030185,0.2981398105621338,"[10,20)","[0.25,0.40)"
case_01730,tracking,id_switch,pedestrian,36.30200767818402,0.5646275281906128,"[20,40)","[0.40,0.60)"
case_01732,tracking,gap_id_change,pedestrian,9.042974862410917,0.7998997569084167,"[0,10)","[0.60,0.80)"
case_01733,tracking,false_positive,car,45.309493687258154,0.3360068202018738,"[40,+inf)","[0.25,0.40)"
case_01734,tracking,false_positive,pedestrian,15.59613042429924,0.7617783546447754,"[10,20)","[0.60,0.80)"
case_01735,tracking,false_positive,pedestrian,37.36764528597815,0.5913283824920654,"[20,40)","[0.40,0.60)"
case_01736,tracking,false_positive,pedestrian,15.837812374215407,0.5506762862205505,"[10,20)","[0.40,0.60)"
case_01737,tracking,false_positive,pedestrian,14.098000785290374,0.37486791610717773,"[10,20)","[0.25,0.40)"
case_01738,tracking,false_positive,pedestrian,15.08858362233355,0.3470701575279236,"[10,20)","[0.25,0.40)"
case_01739,tracking,false_positive,pedestrian,37.80349073540412,0.34144026041030884,"[20,40)","[0.25,0.40)"
case_01740,tracking,false_positive,car,41.68280047931483,0.3559481203556061,"[40,+inf)","[0.25,0.40)"
case_01741,tracking,false_positive,truck,41.73827457598874,0.33415696024894714,"[40,+inf)","[0.25,0.40)"
case_01742,tracking,false_positive,pedestrian,10.745544140594454,0.5155224800109863,"[10,20)","[0.40,0.60)"
case_01743,tracking,false_positive,pedestrian,15.68750375602121,0.27820250391960144,"[10,20)","[0.25,0.40)"
case_01744,tracking,gap_id_change,pedestrian,10.391250246726248,0.7923110127449036,"[10,20)","[0.60,0.80)"
case_01746,tracking,id_switch,pedestrian,15.171212557387724,0.8177676200866699,"[10,20)","[0.80,1.00]"
case_01749,tracking,false_positive,car,47.01662280686216,0.30269262194633484,"[40,+inf)","[0.25,0.40)"
case_01750,tracking,false_positive,car,49.63756208899,0.2657272219657898,"[40,+inf)","[0.25,0.40)"
case_01751,tracking,false_positive,car,39.96321135182154,0.26178985834121704,"[20,40)","[0.25,0.40)"
case_01752,tracking,false_positive,pedestrian,39.29406942551113,0.5929549932479858,"[20,40)","[0.40,0.60)"
case_01753,tracking,false_positive,pedestrian,15.620275521889605,0.5523447394371033,"[10,20)","[0.40,0.60)"
case_01754,tracking,false_positive,pedestrian,25.035878234648717,0.4327576160430908,"[20,40)","[0.40,0.60)"
case_01755,tracking,false_positive,pedestrian,39.76950055595713,0.3822076618671417,"[20,40)","[0.25,0.40)"
case_01756,tracking,false_positive,pedestrian,11.633879195428708,0.3295691907405853,"[10,20)","[0.25,0.40)"
case_01757,tracking,false_positive,pedestrian,17.712197749450173,0.31124138832092285,"[10,20)","[0.25,0.40)"
case_01758,tracking,false_positive,pedestrian,11.240193652507426,0.27318090200424194,"[10,20)","[0.25,0.40)"
case_01759,tracking,false_positive,bicycle,24.982738953983098,0.4376257359981537,"[20,40)","[0.40,0.60)"
case_01760,tracking,false_positive,pedestrian,22.121402268985953,0.6103308796882629,"[20,40)","[0.60,0.80)"
case_01761,tracking,false_positive,pedestrian,16.39134612709669,0.3508613407611847,"[10,20)","[0.25,0.40)"
case_01762,tracking,gap_id_change,pedestrian,39.49109862577691,0.25474900007247925,"[20,40)","[0.25,0.40)"
case_01763,tracking,gap_id_change,pedestrian,17.546697655029647,0.6757633686065674,"[10,20)","[0.60,0.80)"
case_01764,tracking,false_negative,truck,47.704894261305874,,"[40,+inf)",N/A (FN)
case_01765,tracking,false_positive,car,49.843974108318264,0.397399365901947,"[40,+inf)","[0.25,0.40)"
case_01766,tracking,false_positive,car,49.66731796607431,0.3445311188697815,"[40,+inf)","[0.25,0.40)"
case_01767,tracking,false_positive,pedestrian,18.02156982387702,0.7186049222946167,"[10,20)","[0.60,0.80)"
case_01768,tracking,false_positive,pedestrian,23.843712775620762,0.5741621851921082,"[20,40)","[0.40,0.60)"
case_01769,tracking,false_positive,pedestrian,11.853474326167447,0.47883155941963196,"[10,20)","[0.40,0.60)"
case_01770,tracking,false_positive,pedestrian,19.202845058240825,0.2814405858516693,"[10,20)","[0.25,0.40)"
case_01771,tracking,false_positive,pedestrian,18.678101507915855,0.2713313102722168,"[10,20)","[0.25,0.40)"
case_01772,tracking,false_positive,car,48.626966471729006,0.2667560875415802,"[40,+inf)","[0.25,0.40)"
case_01773,tracking,false_positive,car,27.8553866632986,0.25598424673080444,"[20,40)","[0.25,0.40)"
case_01774,tracking,false_positive,pedestrian,18.043927995594338,0.37752437591552734,"[10,20)","[0.25,0.40)"
case_01775,tracking,false_positive,pedestrian,24.723625315995495,0.31378814578056335,"[20,40)","[0.25,0.40)"
case_01776,tracking,false_positive,pedestrian,16.07146567250393,0.27438613772392273,"[10,20)","[0.25,0.40)"
case_01777,tracking,center_error_over_1m,bicycle,28.279853269719485,0.4108908176422119,"[20,40)","[0.40,0.60)"
case_01778,tracking,gap_id_change,pedestrian,25.746696444140703,0.3412763178348541,"[20,40)","[0.25,0.40)"
case_01779,tracking,gap_id_change,pedestrian,23.712587109367888,0.6855185031890869,"[20,40)","[0.60,0.80)"
case_01780,tracking,gap_id_change,pedestrian,25.46078470153369,0.6968094706535339,"[20,40)","[0.60,0.80)"
case_01781,tracking,gap_id_change,pedestrian,24.368999826846604,0.7617674469947815,"[20,40)","[0.60,0.80)"
case_01782,tracking,id_switch,bicycle,28.279853269719485,0.4108908176422119,"[20,40)","[0.40,0.60)"
case_01783,tracking,false_positive,pedestrian,19.423178271660227,0.7388404011726379,"[10,20)","[0.60,0.80)"
case_01784,tracking,false_positive,pedestrian,25.501837546057327,0.6684419512748718,"[20,40)","[0.60,0.80)"
case_01785,tracking,false_positive,pedestrian,28.028477723757536,0.45381662249565125,"[20,40)","[0.40,0.60)"
case_01786,tracking,false_positive,pedestrian,12.877348450361396,0.35369640588760376,"[10,20)","[0.25,0.40)"
case_01787,tracking,false_positive,pedestrian,13.708882612439282,0.271934449672699,"[10,20)","[0.25,0.40)"
case_01788,tracking,false_positive,bicycle,17.3050848662726,0.30743810534477234,"[10,20)","[0.25,0.40)"
case_01789,tracking,false_positive,bicycle,35.20974366303718,0.2746664881706238,"[20,40)","[0.25,0.40)"
case_01790,tracking,false_positive,pedestrian,27.20224549654666,0.43551695346832275,"[20,40)","[0.40,0.60)"
case_01791,tracking,false_positive,pedestrian,28.437560009193312,0.4074801802635193,"[20,40)","[0.40,0.60)"
case_01792,tracking,center_error_over_1m,pedestrian,19.277186168226404,0.40029317140579224,"[10,20)","[0.40,0.60)"
case_01793,tracking,gap_id_change,truck,48.38378255055478,0.4154713749885559,"[40,+inf)","[0.40,0.60)"
case_01795,tracking,id_switch,bicycle,26.95430323556222,0.3043854236602783,"[20,40)","[0.25,0.40)"
case_01796,tracking,false_negative,pedestrian,27.037032125868095,,"[20,40)",N/A (FN)
case_01797,tracking,false_negative,truck,48.88051605042373,,"[40,+inf)",N/A (FN)
case_01798,tracking,false_negative,pedestrian,26.910936510395615,,"[20,40)",N/A (FN)
case_01799,tracking,false_negative,bicycle,25.9437569844289,,"[20,40)",N/A (FN)
case_01800,tracking,false_negative,pedestrian,28.666736160293546,,"[20,40)",N/A (FN)
case_01801,tracking,false_positive,car,49.846997865127236,0.369769811630249,"[40,+inf)","[0.25,0.40)"
case_01802,tracking,false_positive,motorcycle,29.109772683297834,0.41062793135643005,"[20,40)","[0.40,0.60)"
case_01803,tracking,false_positive,pedestrian,20.544524397411156,0.5440496802330017,"[20,40)","[0.40,0.60)"
case_01804,tracking,false_positive,pedestrian,29.25023633444106,0.3904465138912201,"[20,40)","[0.25,0.40)"
case_01805,tracking,false_positive,pedestrian,14.38773065385778,0.28843462467193604,"[10,20)","[0.25,0.40)"
case_01806,tracking,false_positive,pedestrian,19.717694276696555,0.27266135811805725,"[10,20)","[0.25,0.40)"
case_01807,tracking,false_positive,pedestrian,14.071094178444087,0.262457937002182,"[10,20)","[0.25,0.40)"
case_01808,tracking,false_positive,pedestrian,26.323704035865884,0.25740039348602295,"[20,40)","[0.25,0.40)"
case_01809,tracking,false_positive,pedestrian,18.97745124989371,0.2530469596385956,"[10,20)","[0.25,0.40)"
case_01810,tracking,gap_id_change,pedestrian,28.480067413636913,0.43548697233200073,"[20,40)","[0.40,0.60)"
case_01811,tracking,gap_id_change,pedestrian,20.93793698038276,0.3350415527820587,"[20,40)","[0.25,0.40)"
case_01812,tracking,gap_id_change,pedestrian,29.291473449491548,0.4469154179096222,"[20,40)","[0.40,0.60)"
case_01813,tracking,id_switch,pedestrian,20.202897784604332,0.5709179639816284,"[20,40)","[0.40,0.60)"
case_01814,tracking,false_positive,car,41.40302159917015,0.3190644681453705,"[40,+inf)","[0.25,0.40)"
case_01815,tracking,false_positive,car,31.644215644808316,0.299445778131485,"[20,40)","[0.25,0.40)"
case_01816,tracking,false_positive,bicycle,28.677023089781247,0.46493786573410034,"[20,40)","[0.40,0.60)"
case_01817,tracking,false_positive,bicycle,33.2690368620103,0.27648434042930603,"[20,40)","[0.25,0.40)"
case_01818,tracking,false_positive,pedestrian,20.956494683703927,0.47932931780815125,"[20,40)","[0.40,0.60)"
case_01819,tracking,false_positive,pedestrian,27.62572122988628,0.4264558255672455,"[20,40)","[0.40,0.60)"
case_01820,tracking,false_positive,pedestrian,30.01168484733368,0.40130117535591125,"[20,40)","[0.40,0.60)"
case_01821,tracking,false_positive,pedestrian,15.503337135366872,0.34063974022865295,"[10,20)","[0.25,0.40)"
case_01822,tracking,false_positive,pedestrian,16.39236487065899,0.3180566728115082,"[10,20)","[0.25,0.40)"
case_01823,tracking,false_positive,pedestrian,29.674424393836873,0.31033873558044434,"[20,40)","[0.25,0.40)"
case_01825,tracking,id_switch,pedestrian,30.63572344218489,0.5767363905906677,"[20,40)","[0.40,0.60)"
case_01826,tracking,gap_id_change,bicycle,24.737120352750104,0.3193091154098511,"[20,40)","[0.25,0.40)"
case_01827,tracking,false_negative,pedestrian,36.02916014700726,,"[20,40)",N/A (FN)
case_01828,tracking,false_negative,bicycle,23.582953763955846,,"[20,40)",N/A (FN)
case_01829,tracking,false_positive,pedestrian,16.319840555875423,0.8218556046485901,"[10,20)","[0.80,1.00]"
case_01830,tracking,false_positive,pedestrian,31.67536930628405,0.4504838287830353,"[20,40)","[0.40,0.60)"
case_01831,tracking,false_positive,pedestrian,28.722115014452434,0.27010995149612427,"[20,40)","[0.25,0.40)"
case_01832,tracking,false_positive,bus,48.71393704509123,0.27163079380989075,"[40,+inf)","[0.25,0.40)"
case_01833,tracking,false_positive,pedestrian,17.61764162275882,0.26941901445388794,"[10,20)","[0.25,0.40)"
case_01834,tracking,false_positive,pedestrian,22.003870799541644,0.2686859369277954,"[20,40)","[0.25,0.40)"
case_01835,tracking,id_switch,pedestrian,22.977943381458328,0.673528254032135,"[20,40)","[0.60,0.80)"
case_01836,tracking,gap_id_change,pedestrian,31.387424858252025,0.5204781889915466,"[20,40)","[0.40,0.60)"
case_01837,tracking,false_positive,bicycle,22.57927585072982,0.3089061677455902,"[20,40)","[0.25,0.40)"
case_01838,tracking,false_positive,pedestrian,17.241612765033807,0.8791454434394836,"[10,20)","[0.80,1.00]"
case_01839,tracking,false_positive,pedestrian,23.655508249886946,0.42629408836364746,"[20,40)","[0.40,0.60)"
case_01840,tracking,false_positive,pedestrian,20.135424728976403,0.3899524509906769,"[20,40)","[0.25,0.40)"
case_01841,tracking,false_positive,pedestrian,15.021821208849516,0.29925501346588135,"[10,20)","[0.25,0.40)"
case_01842,tracking,false_positive,pedestrian,23.4494343326463,0.2801804542541504,"[20,40)","[0.25,0.40)"
case_01843,tracking,false_positive,pedestrian,23.041617961845294,0.27166950702667236,"[20,40)","[0.25,0.40)"
case_01844,tracking,false_positive,pedestrian,15.109296349950885,0.25088635087013245,"[10,20)","[0.25,0.40)"
case_01845,tracking,false_positive,car,46.336156867335426,0.3272097110748291,"[40,+inf)","[0.25,0.40)"
case_01846,tracking,false_positive,bicycle,37.78022144724416,0.33911436796188354,"[20,40)","[0.25,0.40)"
case_01847,tracking,false_positive,bicycle,30.05928034773948,0.29673999547958374,"[20,40)","[0.25,0.40)"
case_01848,tracking,false_positive,pedestrian,24.067078039101016,0.4282177686691284,"[20,40)","[0.40,0.60)"
case_01849,tracking,gap_id_change,pedestrian,35.10275881792146,0.28514015674591064,"[20,40)","[0.25,0.40)"
case_01850,tracking,false_negative,pedestrian,31.556628377743326,,"[20,40)",N/A (FN)
case_01851,tracking,false_negative,pedestrian,34.184031367291475,,"[20,40)",N/A (FN)
case_01852,tracking,false_positive,pedestrian,24.178926142189766,0.6731706857681274,"[20,40)","[0.60,0.80)"
case_01853,tracking,false_positive,pedestrian,19.05260548892193,0.45860347151756287,"[10,20)","[0.40,0.60)"
case_01854,tracking,false_positive,pedestrian,19.107828972811646,0.32048550248146057,"[10,20)","[0.25,0.40)"
case_01855,tracking,false_positive,pedestrian,30.14379959666213,0.38270998001098633,"[20,40)","[0.25,0.40)"
case_01856,tracking,false_positive,pedestrian,29.323444110686253,0.2654247581958771,"[20,40)","[0.25,0.40)"
case_01858,tracking,id_switch,pedestrian,18.92632927577481,0.7958922386169434,"[10,20)","[0.60,0.80)"
case_01859,tracking,false_negative,pedestrian,35.12411535443235,,"[20,40)",N/A (FN)
case_01860,tracking,false_positive,bicycle,28.19678031233842,0.5744230151176453,"[20,40)","[0.40,0.60)"
case_01861,tracking,false_positive,motorcycle,34.9824339277318,0.3428407311439514,"[20,40)","[0.25,0.40)"
case_01862,tracking,false_positive,pedestrian,29.20053950641131,0.6858359575271606,"[20,40)","[0.60,0.80)"
case_01863,tracking,false_positive,pedestrian,28.546184940485993,0.5076503753662109,"[20,40)","[0.40,0.60)"
case_01864,tracking,false_positive,pedestrian,31.73153663503364,0.27717599272727966,"[20,40)","[0.25,0.40)"
case_01865,tracking,false_positive,pedestrian,26.531350155830452,0.259649395942688,"[20,40)","[0.25,0.40)"
case_01867,tracking,gap_id_change,pedestrian,32.81652991461162,0.2580249607563019,"[20,40)","[0.25,0.40)"
case_01869,tracking,id_switch,pedestrian,33.03692465194314,0.5811534523963928,"[20,40)","[0.40,0.60)"
case_01872,tracking,false_positive,motorcycle,34.88920527398456,0.30956903100013733,"[20,40)","[0.25,0.40)"
case_01873,tracking,false_positive,pedestrian,27.445338360018436,0.4066588282585144,"[20,40)","[0.40,0.60)"
case_01874,tracking,false_positive,pedestrian,20.88006771222998,0.3388828933238983,"[20,40)","[0.25,0.40)"
case_01875,tracking,false_positive,pedestrian,32.62483131331442,0.27480843663215637,"[20,40)","[0.25,0.40)"
case_01876,tracking,false_positive,pedestrian,26.368099433566535,0.2714359760284424,"[20,40)","[0.25,0.40)"
case_01877,tracking,false_positive,pedestrian,21.99957198126539,0.25121569633483887,"[20,40)","[0.25,0.40)"
case_01878,tracking,false_positive,bicycle,34.58251387227338,0.3990797996520996,"[20,40)","[0.25,0.40)"
case_01879,tracking,false_positive,bicycle,17.700499716002188,0.3953908681869507,"[10,20)","[0.25,0.40)"
case_01880,tracking,false_positive,pedestrian,19.171925290541655,0.27543896436691284,"[10,20)","[0.25,0.40)"
case_01881,tracking,center_error_over_1m,pedestrian,31.977446842975514,0.5390288829803467,"[20,40)","[0.40,0.60)"
case_01882,tracking,gap_id_change,pedestrian,31.977446842975514,0.5390288829803467,"[20,40)","[0.40,0.60)"
case_01883,tracking,id_switch,pedestrian,28.005080715138973,0.40972059965133667,"[20,40)","[0.40,0.60)"
case_01884,tracking,gap_id_change,pedestrian,34.554004218258406,0.3781639337539673,"[20,40)","[0.25,0.40)"
case_01885,tracking,false_negative,bicycle,17.91858021774707,,"[10,20)",N/A (FN)
case_01886,tracking,false_positive,bicycle,26.410060332807422,0.4620665907859802,"[20,40)","[0.40,0.60)"
case_01887,tracking,false_positive,motorcycle,18.155194914846618,0.4108271896839142,"[10,20)","[0.40,0.60)"
case_01888,tracking,false_positive,pedestrian,22.192945017755505,0.7079916596412659,"[20,40)","[0.60,0.80)"
case_01889,tracking,false_positive,pedestrian,27.107352475035917,0.6945598721504211,"[20,40)","[0.60,0.80)"
case_01890,tracking,false_positive,pedestrian,27.199103867852305,0.5185738205909729,"[20,40)","[0.40,0.60)"
case_01891,tracking,false_positive,pedestrian,26.38207392818246,0.46959444880485535,"[20,40)","[0.40,0.60)"
case_01892,tracking,false_positive,pedestrian,33.86323240712399,0.37201988697052,"[20,40)","[0.25,0.40)"
case_01893,tracking,false_positive,pedestrian,26.935184365165906,0.32955992221832275,"[20,40)","[0.25,0.40)"
case_01894,tracking,false_positive,pedestrian,23.174640132516924,0.25873684883117676,"[20,40)","[0.25,0.40)"
case_01895,tracking,false_positive,pedestrian,26.105524782463036,0.2817573547363281,"[20,40)","[0.25,0.40)"
case_01896,tracking,center_error_over_1m,pedestrian,22.276490508715675,0.31036078929901123,"[20,40)","[0.25,0.40)"
case_01897,tracking,gap_id_change,pedestrian,35.410246584843186,0.6309347152709961,"[20,40)","[0.60,0.80)"
case_01899,tracking,id_switch,pedestrian,30.273714228786123,0.626052737236023,"[20,40)","[0.60,0.80)"
case_01900,tracking,id_switch,pedestrian,26.795401233421664,0.545692503452301,"[20,40)","[0.40,0.60)"
case_01901,tracking,gap_id_change,pedestrian,16.02783587492617,0.7429504990577698,"[10,20)","[0.60,0.80)"
case_01902,tracking,false_negative,pedestrian,28.983425540126323,,"[20,40)",N/A (FN)
case_01903,tracking,false_negative,bicycle,16.506676434983998,,"[10,20)",N/A (FN)
case_01904,tracking,false_negative,pedestrian,18.16523543589579,,"[10,20)",N/A (FN)
case_01905,tracking,false_positive,car,40.13257850821432,0.3709213137626648,"[40,+inf)","[0.25,0.40)"
case_01906,tracking,false_positive,car,38.393334661447554,0.3703165352344513,"[20,40)","[0.25,0.40)"
case_01907,tracking,false_positive,motorcycle,32.58522380215549,0.4222874641418457,"[20,40)","[0.40,0.60)"
case_01908,tracking,false_positive,motorcycle,27.63432171885536,0.35823124647140503,"[20,40)","[0.25,0.40)"
case_01909,tracking,false_positive,bicycle,16.742738888937243,0.35135579109191895,"[10,20)","[0.25,0.40)"
case_01910,tracking,false_positive,pedestrian,11.995711255622723,0.6994297504425049,"[10,20)","[0.60,0.80)"
case_01911,tracking,false_positive,pedestrian,29.127228218544836,0.5027438998222351,"[20,40)","[0.40,0.60)"
case_01912,tracking,false_positive,pedestrian,35.260302281046556,0.48420122265815735,"[20,40)","[0.40,0.60)"
case_01913,tracking,false_positive,pedestrian,28.229000412931075,0.41257625818252563,"[20,40)","[0.40,0.60)"
case_01914,tracking,false_positive,pedestrian,24.496734755369527,0.4065888524055481,"[20,40)","[0.40,0.60)"
case_01915,tracking,false_positive,pedestrian,36.02452877976347,0.3992622196674347,"[20,40)","[0.25,0.40)"
case_01916,tracking,false_positive,pedestrian,23.04223044668043,0.3843931257724762,"[20,40)","[0.25,0.40)"
case_01917,tracking,false_positive,pedestrian,23.722852837607785,0.3313813805580139,"[20,40)","[0.25,0.40)"
case_01918,tracking,false_positive,pedestrian,32.94532619257197,0.29555392265319824,"[20,40)","[0.25,0.40)"
case_01919,tracking,false_positive,pedestrian,12.083201314108425,0.624383807182312,"[10,20)","[0.60,0.80)"
case_01920,tracking,false_positive,pedestrian,23.84352063844947,0.33055955171585083,"[20,40)","[0.25,0.40)"
case_01921,tracking,false_positive,pedestrian,28.92933453059621,0.3042666018009186,"[20,40)","[0.25,0.40)"
case_01922,tracking,false_positive,pedestrian,29.38698125396406,0.28828755021095276,"[20,40)","[0.25,0.40)"
case_01923,tracking,center_error_over_1m,pedestrian,23.590741493422147,0.3950282335281372,"[20,40)","[0.25,0.40)"
case_01924,tracking,gap_id_change,bicycle,15.931764087091873,0.7028818130493164,"[10,20)","[0.60,0.80)"
case_01925,tracking,false_negative,bicycle,15.481671432861106,,"[10,20)",N/A (FN)
case_01926,tracking,false_positive,motorcycle,16.928351612391108,0.566154956817627,"[10,20)","[0.40,0.60)"
case_01927,tracking,false_positive,bicycle,16.777774409749785,0.3487318456172943,"[10,20)","[0.25,0.40)"
case_01928,tracking,false_positive,pedestrian,24.484759387749,0.8048433065414429,"[20,40)","[0.80,1.00]"
case_01929,tracking,false_positive,pedestrian,28.94396310830973,0.7555013298988342,"[20,40)","[0.60,0.80)"
case_01930,tracking,false_positive,pedestrian,36.8353864956345,0.5476659536361694,"[20,40)","[0.40,0.60)"
case_01931,tracking,false_positive,pedestrian,29.717940197302042,0.3626743257045746,"[20,40)","[0.25,0.40)"
case_01932,tracking,false_positive,pedestrian,29.022126261921986,0.3007478415966034,"[20,40)","[0.25,0.40)"
case_01933,tracking,false_positive,pedestrian,24.923914470097454,0.2989453375339508,"[20,40)","[0.25,0.40)"
case_01934,tracking,false_positive,pedestrian,36.62892880853599,0.28049615025520325,"[20,40)","[0.25,0.40)"
case_01935,tracking,false_positive,pedestrian,3.101689331550137,0.2717357575893402,"[0,10)","[0.25,0.40)"
case_01936,tracking,false_positive,pedestrian,24.29440069282924,0.2602574825286865,"[20,40)","[0.25,0.40)"
case_01937,tracking,false_positive,truck,46.46631433800292,0.28970038890838623,"[40,+inf)","[0.25,0.40)"
case_01938,tracking,false_positive,bicycle,31.705624975515573,0.6811606287956238,"[20,40)","[0.60,0.80)"
case_01939,tracking,false_positive,bicycle,39.168475864325266,0.3409033715724945,"[20,40)","[0.25,0.40)"
case_01940,tracking,false_positive,pedestrian,29.64099115009798,0.41299498081207275,"[20,40)","[0.40,0.60)"
case_01941,tracking,id_switch,pedestrian,27.379141025115064,0.4863389730453491,"[20,40)","[0.40,0.60)"
case_01942,tracking,id_switch,pedestrian,38.7435543224523,0.26614853739738464,"[20,40)","[0.25,0.40)"
